"DT_GERACAO";"HH_GERACAO";"ANO_ELEICAO";"CD_TIPO_ELEICAO";"NM_TIPO_ELEICAO";"NR_TURNO";"CD_ELEICAO";"DS_ELEICAO";"DT_ELEICAO";"SG_UF";"SG_UE";"NM_UE";"CD_CARGO";"DS_CARGO";"TP_AGREMIACAO";"NR_PARTIDO";"SG_PARTIDO";"NM_PARTIDO";"SQ_COLIGACAO";"NM_COLIGACAO";"DS_COMPOSICAO_COLIGACAO";"CD_SITUACAO_LEGENDA";"DS_SITUACAO"
"30/01/2022";"10:01:52";"2018";"2";"ELEIÇÃO ORDINÁRIA";"1";"297";"Eleições Gerais Estaduais 2018";"07/10/2018";"RJ";"RJ";"RIO DE JANEIRO";"9";"1º SUPLENTE";"COLIGACAO";"20";"PSC";"PARTIDO SOCIAL CRISTÃO";"190000050329";"MAIS ORDEM, MAIS PROGRESSO";"PSC / PROS";"D";"DEFERIDO"
"30/01/2022";"10:01:52";"2018";"2";"ELEIÇÃO ORDINÁRIA";"1";"297";"Eleições Gerais Estaduais 2018";"07/10/2018";"RJ";"RJ";"RIO DE JANEIRO";"5";"SENADOR";"COLIGACAO";"21";"PCB";"PARTIDO COMUNISTA BRASILEIRO";"190000050058";"MUDAR É POSSÍVEL";"PSOL / PCB";"D";"DEFERIDO"
"30/01/2022";"10:01:52";"2018";"2";"ELEIÇÃO ORDINÁRIA";"1";"297";"Eleições Gerais Estaduais 2018";"07/10/2018";"RJ";"RJ";"RIO DE JANEIRO";"10";"2º SUPLENTE";"COLIGACAO";"50";"PSOL";"PARTIDO SOCIALISMO E LIBERDADE";"190000050058";"MUDAR É POSSÍVEL";"PSOL / PCB";"D";"DEFERIDO"
"30/01/2022";"10:01:52";"2018";"2";"ELEIÇÃO ORDINÁRIA";"1";"297";"Eleições Gerais Estaduais 2018";"07/10/2018";"RJ";"RJ";"RIO DE JANEIRO";"9";"1º SUPLENTE";"COLIGACAO";"33";"PMN";"PARTIDO DA MOBILIZAÇÃO NACIONAL";"190000050262";"FORÇA DO RIO";"DEM / PP / MDB / PTB / SOLIDARIEDADE / PSDB / PPS / PV / DC / PHS / AVANTE / PMN";"D";"DEFERIDO"
"30/01/2022";"10:01:52";"2018";"2";"ELEIÇÃO ORDINÁRIA";"1";"297";"Eleições Gerais Estaduais 2018";"07/10/2018";"RJ";"RJ";"RIO DE JANEIRO";"4";"VICE-GOVERNADOR";"COLIGACAO";"40";"PSB";"PARTIDO SOCIALISTA BRASILEIRO";"190000050414";"RENOVAR PARA MUDAR";"PDT / PSB";"D";"DEFERIDO"
"30/01/2022";"10:01:52";"2018";"2";"ELEIÇÃO ORDINÁRIA";"1";"297";"Eleições Gerais Estaduais 2018";"07/10/2018";"RJ";"RJ";"RIO DE JANEIRO";"10";"2º SUPLENTE";"COLIGACAO";"40";"PSB";"PARTIDO SOCIALISTA BRASILEIRO";"190000050414";"RENOVAR PARA MUDAR";"PDT / PSB";"D";"DEFERIDO"
"30/01/2022";"10:01:52";"2018";"2";"ELEIÇÃO ORDINÁRIA";"1";"297";"Eleições Gerais Estaduais 2018";"07/10/2018";"RJ";"RJ";"RIO DE JANEIRO";"9";"1º SUPLENTE";"PARTIDO ISOLADO";"17";"PSL";"PARTIDO SOCIAL LIBERAL";"190000050390";"#NULO#";"PSL";"D";"DEFERIDO"
"30/01/2022";"10:01:52";"2018";"2";"ELEIÇÃO ORDINÁRIA";"1";"297";"Eleições Gerais Estaduais 2018";"07/10/2018";"RJ";"RJ";"RIO DE JANEIRO";"3";"GOVERNADOR";"COLIGACAO";"22";"PR";"PARTIDO DA REPÚBLICA";"190000050290";"A FORÇA QUE VEM DO POVO";"PODE / PR / REDE / PPL";"D";"DEFERIDO"
"30/01/2022";"10:01:52";"2018";"2";"ELEIÇÃO ORDINÁRIA";"1";"297";"Eleições Gerais Estaduais 2018";"07/10/2018";"RJ";"RJ";"RIO DE JANEIRO";"7";"DEPUTADO ESTADUAL";"PARTIDO ISOLADO";"29";"PCO";"PARTIDO DA CAUSA OPERÁRIA";"190000050419";"#NULO#";"PCO";"IN";"INDEFERIDO"
"30/01/2022";"10:01:52";"2018";"2";"ELEIÇÃO ORDINÁRIA";"1";"297";"Eleições Gerais Estaduais 2018";"07/10/2018";"RJ";"RJ";"RIO DE JANEIRO";"3";"GOVERNADOR";"COLIGACAO";"50";"PSOL";"PARTIDO SOCIALISMO E LIBERDADE";"190000050058";"MUDAR É POSSÍVEL";"PSOL / PCB";"D";"DEFERIDO"
"30/01/2022";"10:01:52";"2018";"2";"ELEIÇÃO ORDINÁRIA";"1";"297";"Eleições Gerais Estaduais 2018";"07/10/2018";"RJ";"RJ";"RIO DE JANEIRO";"4";"VICE-GOVERNADOR";"COLIGACAO";"50";"PSOL";"PARTIDO SOCIALISMO E LIBERDADE";"190000050058";"MUDAR É POSSÍVEL";"PSOL / PCB";"D";"DEFERIDO"
"30/01/2022";"10:01:52";"2018";"2";"ELEIÇÃO ORDINÁRIA";"1";"297";"Eleições Gerais Estaduais 2018";"07/10/2018";"RJ";"RJ";"RIO DE JANEIRO";"3";"GOVERNADOR";"COLIGACAO";"15";"MDB";"MOVIMENTO DEMOCRÁTICO BRASILEIRO";"190000050262";"FORÇA DO RIO";"DEM / PP / MDB / PTB / SOLIDARIEDADE / PSDB / PPS / PV / DC / PHS / AVANTE / PMN";"D";"DEFERIDO"
"30/01/2022";"10:01:52";"2018";"2";"ELEIÇÃO ORDINÁRIA";"1";"297";"Eleições Gerais Estaduais 2018";"07/10/2018";"RJ";"RJ";"RIO DE JANEIRO";"4";"VICE-GOVERNADOR";"PARTIDO ISOLADO";"55";"PSD";"PARTIDO SOCIAL DEMOCRÁTICO";"190000050208";"#NULO#";"PSD";"D";"DEFERIDO"
"30/01/2022";"10:01:52";"2018";"2";"ELEIÇÃO ORDINÁRIA";"1";"297";"Eleições Gerais Estaduais 2018";"07/10/2018";"RJ";"RJ";"RIO DE JANEIRO";"4";"VICE-GOVERNADOR";"COLIGACAO";"13";"PT";"PARTIDO DOS TRABALHADORES";"190000050362";"FRENTE POPULAR";"PT / PC do B";"D";"DEFERIDO"
"30/01/2022";"10:01:52";"2018";"2";"ELEIÇÃO ORDINÁRIA";"1";"297";"Eleições Gerais Estaduais 2018";"07/10/2018";"RJ";"RJ";"RIO DE JANEIRO";"4";"VICE-GOVERNADOR";"COLIGACAO";"65";"PC do B";"PARTIDO COMUNISTA DO BRASIL";"190000050362";"FRENTE POPULAR";"PT / PC do B";"D";"DEFERIDO"
"30/01/2022";"10:01:52";"2018";"2";"ELEIÇÃO ORDINÁRIA";"1";"297";"Eleições Gerais Estaduais 2018";"07/10/2018";"RJ";"RJ";"RIO DE JANEIRO";"4";"VICE-GOVERNADOR";"COLIGACAO";"25";"DEM";"DEMOCRATAS";"190000050262";"FORÇA DO RIO";"DEM / PP / MDB / PTB / SOLIDARIEDADE / PSDB / PPS / PV / DC / PHS / AVANTE / PMN";"D";"DEFERIDO"
"30/01/2022";"10:01:52";"2018";"2";"ELEIÇÃO ORDINÁRIA";"1";"297";"Eleições Gerais Estaduais 2018";"07/10/2018";"RJ";"RJ";"RIO DE JANEIRO";"5";"SENADOR";"PARTIDO ISOLADO";"17";"PSL";"PARTIDO SOCIAL LIBERAL";"190000050390";"#NULO#";"PSL";"D";"DEFERIDO"
"30/01/2022";"10:01:52";"2018";"2";"ELEIÇÃO ORDINÁRIA";"1";"297";"Eleições Gerais Estaduais 2018";"07/10/2018";"RJ";"RJ";"RIO DE JANEIRO";"7";"DEPUTADO ESTADUAL";"PARTIDO ISOLADO";"36";"PTC";"PARTIDO TRABALHISTA CRISTÃO";"190000050469";"#NULO#";"PTC";"D";"DEFERIDO"
"30/01/2022";"10:01:52";"2018";"2";"ELEIÇÃO ORDINÁRIA";"1";"297";"Eleições Gerais Estaduais 2018";"07/10/2018";"RJ";"RJ";"RIO DE JANEIRO";"5";"SENADOR";"PARTIDO ISOLADO";"28";"PRTB";"PARTIDO RENOVADOR TRABALHISTA BRASILEIRO";"190000050716";"#NULO#";"PRTB";"D";"DEFERIDO"
"30/01/2022";"10:01:52";"2018";"2";"ELEIÇÃO ORDINÁRIA";"1";"297";"Eleições Gerais Estaduais 2018";"07/10/2018";"RJ";"RJ";"RIO DE JANEIRO";"10";"2º SUPLENTE";"COLIGACAO";"22";"PR";"PARTIDO DA REPÚBLICA";"190000050290";"A FORÇA QUE VEM DO POVO";"PODE / PR / REDE / PPL";"D";"DEFERIDO"
"30/01/2022";"10:01:52";"2018";"2";"ELEIÇÃO ORDINÁRIA";"1";"297";"Eleições Gerais Estaduais 2018";"07/10/2018";"RJ";"RJ";"RIO DE JANEIRO";"10";"2º SUPLENTE";"COLIGACAO";"70";"AVANTE";"AVANTE";"190000050262";"FORÇA DO RIO";"DEM / PP / MDB / PTB / SOLIDARIEDADE / PSDB / PPS / PV / DC / PHS / AVANTE / PMN";"D";"DEFERIDO"
"30/01/2022";"10:01:52";"2018";"2";"ELEIÇÃO ORDINÁRIA";"1";"297";"Eleições Gerais Estaduais 2018";"07/10/2018";"RJ";"RJ";"RIO DE JANEIRO";"6";"DEPUTADO FEDERAL";"COLIGACAO";"20";"PSC";"PARTIDO SOCIAL CRISTÃO";"190000050205";"POR UM RIO FELIZ";"PSC / PROS";"D";"DEFERIDO"
"30/01/2022";"10:01:52";"2018";"2";"ELEIÇÃO ORDINÁRIA";"1";"297";"Eleições Gerais Estaduais 2018";"07/10/2018";"RJ";"RJ";"RIO DE JANEIRO";"5";"SENADOR";"PARTIDO ISOLADO";"55";"PSD";"PARTIDO SOCIAL DEMOCRÁTICO";"190000050208";"#NULO#";"PSD";"D";"DEFERIDO"
"30/01/2022";"10:01:52";"2018";"2";"ELEIÇÃO ORDINÁRIA";"1";"297";"Eleições Gerais Estaduais 2018";"07/10/2018";"RJ";"RJ";"RIO DE JANEIRO";"10";"2º SUPLENTE";"PARTIDO ISOLADO";"16";"PSTU";"PARTIDO SOCIALISTA DOS TRABALHADORES UNIFICADO";"190000050207";"#NULO#";"PSTU";"D";"DEFERIDO"
"30/01/2022";"10:01:52";"2018";"2";"ELEIÇÃO ORDINÁRIA";"1";"297";"Eleições Gerais Estaduais 2018";"07/10/2018";"RJ";"RJ";"RIO DE JANEIRO";"6";"DEPUTADO FEDERAL";"PARTIDO ISOLADO";"30";"NOVO";"PARTIDO NOVO";"190000050062";"#NULO#";"NOVO";"D";"DEFERIDO"
"30/01/2022";"10:01:52";"2018";"2";"ELEIÇÃO ORDINÁRIA";"1";"297";"Eleições Gerais Estaduais 2018";"07/10/2018";"RJ";"RJ";"RIO DE JANEIRO";"10";"2º SUPLENTE";"COLIGACAO";"20";"PSC";"PARTIDO SOCIAL CRISTÃO";"190000050329";"MAIS ORDEM, MAIS PROGRESSO";"PSC / PROS";"D";"DEFERIDO"
"30/01/2022";"10:01:52";"2018";"2";"ELEIÇÃO ORDINÁRIA";"1";"297";"Eleições Gerais Estaduais 2018";"07/10/2018";"RJ";"RJ";"RIO DE JANEIRO";"4";"VICE-GOVERNADOR";"COLIGACAO";"10";"PRB";"PARTIDO REPUBLICANO BRASILEIRO";"190000050571";"Para o Povo Voltar a Ser Feliz";"PRP / PRB / PTC / PATRIOTA";"D";"DEFERIDO"
"30/01/2022";"10:01:52";"2018";"2";"ELEIÇÃO ORDINÁRIA";"1";"297";"Eleições Gerais Estaduais 2018";"07/10/2018";"RJ";"RJ";"RIO DE JANEIRO";"7";"DEPUTADO ESTADUAL";"PARTIDO ISOLADO";"33";"PMN";"PARTIDO DA MOBILIZAÇÃO NACIONAL";"190000050430";"#NULO#";"PMN";"D";"DEFERIDO"
"30/01/2022";"10:01:52";"2018";"2";"ELEIÇÃO ORDINÁRIA";"1";"297";"Eleições Gerais Estaduais 2018";"07/10/2018";"RJ";"RJ";"RIO DE JANEIRO";"5";"SENADOR";"COLIGACAO";"77";"SOLIDARIEDADE";"SOLIDARIEDADE";"190000050262";"FORÇA DO RIO";"DEM / PP / MDB / PTB / SOLIDARIEDADE / PSDB / PPS / PV / DC / PHS / AVANTE / PMN";"D";"DEFERIDO"
"30/01/2022";"10:01:52";"2018";"2";"ELEIÇÃO ORDINÁRIA";"1";"297";"Eleições Gerais Estaduais 2018";"07/10/2018";"RJ";"RJ";"RIO DE JANEIRO";"6";"DEPUTADO FEDERAL";"PARTIDO ISOLADO";"17";"PSL";"PARTIDO SOCIAL LIBERAL";"190000050390";"#NULO#";"PSL";"D";"DEFERIDO"
"30/01/2022";"10:01:52";"2018";"2";"ELEIÇÃO ORDINÁRIA";"1";"297";"Eleições Gerais Estaduais 2018";"07/10/2018";"RJ";"RJ";"RIO DE JANEIRO";"4";"VICE-GOVERNADOR";"COLIGACAO";"90";"PROS";"PARTIDO REPUBLICANO DA ORDEM SOCIAL";"190000050329";"MAIS ORDEM, MAIS PROGRESSO";"PSC / PROS";"D";"DEFERIDO"
"30/01/2022";"10:01:52";"2018";"2";"ELEIÇÃO ORDINÁRIA";"1";"297";"Eleições Gerais Estaduais 2018";"07/10/2018";"RJ";"RJ";"RIO DE JANEIRO";"3";"GOVERNADOR";"COLIGACAO";"18";"REDE";"REDE SUSTENTABILIDADE";"190000050290";"A FORÇA QUE VEM DO POVO";"PODE / PR / REDE / PPL";"D";"DEFERIDO"
"30/01/2022";"10:01:52";"2018";"2";"ELEIÇÃO ORDINÁRIA";"1";"297";"Eleições Gerais Estaduais 2018";"07/10/2018";"RJ";"RJ";"RIO DE JANEIRO";"3";"GOVERNADOR";"COLIGACAO";"27";"DC";"DEMOCRACIA CRISTÃ";"190000050262";"FORÇA DO RIO";"DEM / PP / MDB / PTB / SOLIDARIEDADE / PSDB / PPS / PV / DC / PHS / AVANTE / PMN";"D";"DEFERIDO"
"30/01/2022";"10:01:52";"2018";"2";"ELEIÇÃO ORDINÁRIA";"1";"297";"Eleições Gerais Estaduais 2018";"07/10/2018";"RJ";"RJ";"RIO DE JANEIRO";"3";"GOVERNADOR";"COLIGACAO";"25";"DEM";"DEMOCRATAS";"190000050262";"FORÇA DO RIO";"DEM / PP / MDB / PTB / SOLIDARIEDADE / PSDB / PPS / PV / DC / PHS / AVANTE / PMN";"D";"DEFERIDO"
"30/01/2022";"10:01:52";"2018";"2";"ELEIÇÃO ORDINÁRIA";"1";"297";"Eleições Gerais Estaduais 2018";"07/10/2018";"RJ";"RJ";"RIO DE JANEIRO";"6";"DEPUTADO FEDERAL";"PARTIDO ISOLADO";"29";"PCO";"PARTIDO DA CAUSA OPERÁRIA";"190000050419";"#NULO#";"PCO";"IN";"INDEFERIDO"
"30/01/2022";"10:01:52";"2018";"2";"ELEIÇÃO ORDINÁRIA";"1";"297";"Eleições Gerais Estaduais 2018";"07/10/2018";"RJ";"RJ";"RIO DE JANEIRO";"4";"VICE-GOVERNADOR";"COLIGACAO";"14";"PTB";"PARTIDO TRABALHISTA BRASILEIRO";"190000050262";"FORÇA DO RIO";"DEM / PP / MDB / PTB / SOLIDARIEDADE / PSDB / PPS / PV / DC / PHS / AVANTE / PMN";"D";"DEFERIDO"
"30/01/2022";"10:01:52";"2018";"2";"ELEIÇÃO ORDINÁRIA";"1";"297";"Eleições Gerais Estaduais 2018";"07/10/2018";"RJ";"RJ";"RIO DE JANEIRO";"6";"DEPUTADO FEDERAL";"COLIGACAO";"36";"PTC";"PARTIDO TRABALHISTA CRISTÃO";"190000050393";"POR UM RIO MAIS HONESTO";"PTC / PMB";"D";"DEFERIDO"
"30/01/2022";"10:01:52";"2018";"2";"ELEIÇÃO ORDINÁRIA";"1";"297";"Eleições Gerais Estaduais 2018";"07/10/2018";"RJ";"RJ";"RIO DE JANEIRO";"6";"DEPUTADO FEDERAL";"COLIGACAO";"90";"PROS";"PARTIDO REPUBLICANO DA ORDEM SOCIAL";"190000050205";"POR UM RIO FELIZ";"PSC / PROS";"D";"DEFERIDO"
"30/01/2022";"10:01:52";"2018";"2";"ELEIÇÃO ORDINÁRIA";"1";"297";"Eleições Gerais Estaduais 2018";"07/10/2018";"RJ";"RJ";"RIO DE JANEIRO";"10";"2º SUPLENTE";"COLIGACAO";"11";"PP";"PROGRESSISTAS";"190000050262";"FORÇA DO RIO";"DEM / PP / MDB / PTB / SOLIDARIEDADE / PSDB / PPS / PV / DC / PHS / AVANTE / PMN";"D";"DEFERIDO"
"30/01/2022";"10:01:52";"2018";"2";"ELEIÇÃO ORDINÁRIA";"1";"297";"Eleições Gerais Estaduais 2018";"07/10/2018";"RJ";"RJ";"RIO DE JANEIRO";"3";"GOVERNADOR";"PARTIDO ISOLADO";"55";"PSD";"PARTIDO SOCIAL DEMOCRÁTICO";"190000050208";"#NULO#";"PSD";"D";"DEFERIDO"
"30/01/2022";"10:01:52";"2018";"2";"ELEIÇÃO ORDINÁRIA";"1";"297";"Eleições Gerais Estaduais 2018";"07/10/2018";"RJ";"RJ";"RIO DE JANEIRO";"6";"DEPUTADO FEDERAL";"PARTIDO ISOLADO";"18";"REDE";"REDE SUSTENTABILIDADE";"190000050621";"#NULO#";"REDE";"D";"DEFERIDO"
"30/01/2022";"10:01:52";"2018";"2";"ELEIÇÃO ORDINÁRIA";"1";"297";"Eleições Gerais Estaduais 2018";"07/10/2018";"RJ";"RJ";"RIO DE JANEIRO";"3";"GOVERNADOR";"COLIGACAO";"14";"PTB";"PARTIDO TRABALHISTA BRASILEIRO";"190000050262";"FORÇA DO RIO";"DEM / PP / MDB / PTB / SOLIDARIEDADE / PSDB / PPS / PV / DC / PHS / AVANTE / PMN";"D";"DEFERIDO"
"30/01/2022";"10:01:52";"2018";"2";"ELEIÇÃO ORDINÁRIA";"1";"297";"Eleições Gerais Estaduais 2018";"07/10/2018";"RJ";"RJ";"RIO DE JANEIRO";"6";"DEPUTADO FEDERAL";"PARTIDO ISOLADO";"28";"PRTB";"PARTIDO RENOVADOR TRABALHISTA BRASILEIRO";"190000050716";"#NULO#";"PRTB";"D";"DEFERIDO"
"30/01/2022";"10:01:52";"2018";"2";"ELEIÇÃO ORDINÁRIA";"1";"297";"Eleições Gerais Estaduais 2018";"07/10/2018";"RJ";"RJ";"RIO DE JANEIRO";"6";"DEPUTADO FEDERAL";"COLIGACAO";"15";"MDB";"MOVIMENTO DEMOCRÁTICO BRASILEIRO";"190000050195";"O RIO QUER PAZ";"DEM / MDB / PP / PTB";"D";"DEFERIDO"
"30/01/2022";"10:01:52";"2018";"2";"ELEIÇÃO ORDINÁRIA";"1";"297";"Eleições Gerais Estaduais 2018";"07/10/2018";"RJ";"RJ";"RIO DE JANEIRO";"9";"1º SUPLENTE";"COLIGACAO";"10";"PRB";"PARTIDO REPUBLICANO BRASILEIRO";"190000050571";"Para o Povo Voltar a Ser Feliz";"PRP / PRB / PTC / PATRIOTA";"D";"DEFERIDO"
"30/01/2022";"10:01:52";"2018";"2";"ELEIÇÃO ORDINÁRIA";"1";"297";"Eleições Gerais Estaduais 2018";"07/10/2018";"RJ";"RJ";"RIO DE JANEIRO";"5";"SENADOR";"COLIGACAO";"23";"PPS";"PARTIDO POPULAR SOCIALISTA";"190000050262";"FORÇA DO RIO";"DEM / PP / MDB / PTB / SOLIDARIEDADE / PSDB / PPS / PV / DC / PHS / AVANTE / PMN";"D";"DEFERIDO"
"30/01/2022";"10:01:52";"2018";"2";"ELEIÇÃO ORDINÁRIA";"1";"297";"Eleições Gerais Estaduais 2018";"07/10/2018";"RJ";"RJ";"RIO DE JANEIRO";"6";"DEPUTADO FEDERAL";"COLIGACAO";"35";"PMB";"PARTIDO DA MULHER BRASILEIRA";"190000050393";"POR UM RIO MAIS HONESTO";"PTC / PMB";"D";"DEFERIDO"
"30/01/2022";"10:01:52";"2018";"2";"ELEIÇÃO ORDINÁRIA";"1";"297";"Eleições Gerais Estaduais 2018";"07/10/2018";"RJ";"RJ";"RIO DE JANEIRO";"7";"DEPUTADO ESTADUAL";"COLIGACAO";"23";"PPS";"PARTIDO POPULAR SOCIALISTA";"190000050224";"O RIO SEM CRISE";"PPS / PSDB";"D";"DEFERIDO"
"30/01/2022";"10:01:52";"2018";"2";"ELEIÇÃO ORDINÁRIA";"1";"297";"Eleições Gerais Estaduais 2018";"07/10/2018";"RJ";"RJ";"RIO DE JANEIRO";"4";"VICE-GOVERNADOR";"PARTIDO ISOLADO";"29";"PCO";"PARTIDO DA CAUSA OPERÁRIA";"190000050419";"#NULO#";"PCO";"IN";"INDEFERIDO"
"30/01/2022";"10:01:52";"2018";"2";"ELEIÇÃO ORDINÁRIA";"1";"297";"Eleições Gerais Estaduais 2018";"07/10/2018";"RJ";"RJ";"RIO DE JANEIRO";"10";"2º SUPLENTE";"COLIGACAO";"65";"PC do B";"PARTIDO COMUNISTA DO BRASIL";"190000050362";"FRENTE POPULAR";"PT / PC do B";"D";"DEFERIDO"
"30/01/2022";"10:01:52";"2018";"2";"ELEIÇÃO ORDINÁRIA";"1";"297";"Eleições Gerais Estaduais 2018";"07/10/2018";"RJ";"RJ";"RIO DE JANEIRO";"7";"DEPUTADO ESTADUAL";"PARTIDO ISOLADO";"28";"PRTB";"PARTIDO RENOVADOR TRABALHISTA BRASILEIRO";"190000050716";"#NULO#";"PRTB";"D";"DEFERIDO"
"30/01/2022";"10:01:52";"2018";"2";"ELEIÇÃO ORDINÁRIA";"1";"297";"Eleições Gerais Estaduais 2018";"07/10/2018";"RJ";"RJ";"RIO DE JANEIRO";"9";"1º SUPLENTE";"COLIGACAO";"18";"REDE";"REDE SUSTENTABILIDADE";"190000050290";"A FORÇA QUE VEM DO POVO";"PODE / PR / REDE / PPL";"D";"DEFERIDO"
"30/01/2022";"10:01:52";"2018";"2";"ELEIÇÃO ORDINÁRIA";"1";"297";"Eleições Gerais Estaduais 2018";"07/10/2018";"RJ";"RJ";"RIO DE JANEIRO";"7";"DEPUTADO ESTADUAL";"COLIGACAO";"43";"PV";"PARTIDO VERDE";"190000050675";"Rio Sustentável";"PV / DC";"D";"DEFERIDO"
"30/01/2022";"10:01:52";"2018";"2";"ELEIÇÃO ORDINÁRIA";"1";"297";"Eleições Gerais Estaduais 2018";"07/10/2018";"RJ";"RJ";"RIO DE JANEIRO";"9";"1º SUPLENTE";"PARTIDO ISOLADO";"35";"PMB";"PARTIDO DA MULHER BRASILEIRA";"190000050392";"#NULO#";"PMB";"D";"DEFERIDO"
"30/01/2022";"10:01:52";"2018";"2";"ELEIÇÃO ORDINÁRIA";"1";"297";"Eleições Gerais Estaduais 2018";"07/10/2018";"RJ";"RJ";"RIO DE JANEIRO";"7";"DEPUTADO ESTADUAL";"PARTIDO ISOLADO";"31";"PHS";"PARTIDO HUMANISTA DA SOLIDARIEDADE";"190000050173";"#NULO#";"PHS";"D";"DEFERIDO"
"30/01/2022";"10:01:52";"2018";"2";"ELEIÇÃO ORDINÁRIA";"1";"297";"Eleições Gerais Estaduais 2018";"07/10/2018";"RJ";"RJ";"RIO DE JANEIRO";"3";"GOVERNADOR";"PARTIDO ISOLADO";"29";"PCO";"PARTIDO DA CAUSA OPERÁRIA";"190000050419";"#NULO#";"PCO";"IN";"INDEFERIDO"
"30/01/2022";"10:01:52";"2018";"2";"ELEIÇÃO ORDINÁRIA";"1";"297";"Eleições Gerais Estaduais 2018";"07/10/2018";"RJ";"RJ";"RIO DE JANEIRO";"9";"1º SUPLENTE";"PARTIDO ISOLADO";"29";"PCO";"PARTIDO DA CAUSA OPERÁRIA";"190000050419";"#NULO#";"PCO";"IN";"INDEFERIDO"
"30/01/2022";"10:01:52";"2018";"2";"ELEIÇÃO ORDINÁRIA";"1";"297";"Eleições Gerais Estaduais 2018";"07/10/2018";"RJ";"RJ";"RIO DE JANEIRO";"4";"VICE-GOVERNADOR";"COLIGACAO";"70";"AVANTE";"AVANTE";"190000050262";"FORÇA DO RIO";"DEM / PP / MDB / PTB / SOLIDARIEDADE / PSDB / PPS / PV / DC / PHS / AVANTE / PMN";"D";"DEFERIDO"
"30/01/2022";"10:01:52";"2018";"2";"ELEIÇÃO ORDINÁRIA";"1";"297";"Eleições Gerais Estaduais 2018";"07/10/2018";"RJ";"RJ";"RIO DE JANEIRO";"7";"DEPUTADO ESTADUAL";"PARTIDO ISOLADO";"70";"AVANTE";"AVANTE";"190000050352";"#NULO#";"AVANTE";"D";"DEFERIDO"
"30/01/2022";"10:01:52";"2018";"2";"ELEIÇÃO ORDINÁRIA";"1";"297";"Eleições Gerais Estaduais 2018";"07/10/2018";"RJ";"RJ";"RIO DE JANEIRO";"9";"1º SUPLENTE";"COLIGACAO";"70";"AVANTE";"AVANTE";"190000050262";"FORÇA DO RIO";"DEM / PP / MDB / PTB / SOLIDARIEDADE / PSDB / PPS / PV / DC / PHS / AVANTE / PMN";"D";"DEFERIDO"
"30/01/2022";"10:01:52";"2018";"2";"ELEIÇÃO ORDINÁRIA";"1";"297";"Eleições Gerais Estaduais 2018";"07/10/2018";"RJ";"RJ";"RIO DE JANEIRO";"5";"SENADOR";"COLIGACAO";"19";"PODE";"PODEMOS";"190000050290";"A FORÇA QUE VEM DO POVO";"PODE / PR / REDE / PPL";"D";"DEFERIDO"
"30/01/2022";"10:01:52";"2018";"2";"ELEIÇÃO ORDINÁRIA";"1";"297";"Eleições Gerais Estaduais 2018";"07/10/2018";"RJ";"RJ";"RIO DE JANEIRO";"4";"VICE-GOVERNADOR";"COLIGACAO";"45";"PSDB";"PARTIDO DA SOCIAL DEMOCRACIA BRASILEIRA";"190000050262";"FORÇA DO RIO";"DEM / PP / MDB / PTB / SOLIDARIEDADE / PSDB / PPS / PV / DC / PHS / AVANTE / PMN";"D";"DEFERIDO"
"30/01/2022";"10:01:52";"2018";"2";"ELEIÇÃO ORDINÁRIA";"1";"297";"Eleições Gerais Estaduais 2018";"07/10/2018";"RJ";"RJ";"RIO DE JANEIRO";"9";"1º SUPLENTE";"COLIGACAO";"22";"PR";"PARTIDO DA REPÚBLICA";"190000050290";"A FORÇA QUE VEM DO POVO";"PODE / PR / REDE / PPL";"D";"DEFERIDO"
"30/01/2022";"10:01:52";"2018";"2";"ELEIÇÃO ORDINÁRIA";"1";"297";"Eleições Gerais Estaduais 2018";"07/10/2018";"RJ";"RJ";"RIO DE JANEIRO";"9";"1º SUPLENTE";"COLIGACAO";"51";"PATRIOTA";"PATRIOTA";"190000050571";"Para o Povo Voltar a Ser Feliz";"PRP / PRB / PTC / PATRIOTA";"D";"DEFERIDO"
"30/01/2022";"10:01:52";"2018";"2";"ELEIÇÃO ORDINÁRIA";"1";"297";"Eleições Gerais Estaduais 2018";"07/10/2018";"RJ";"RJ";"RIO DE JANEIRO";"3";"GOVERNADOR";"COLIGACAO";"40";"PSB";"PARTIDO SOCIALISTA BRASILEIRO";"190000050414";"RENOVAR PARA MUDAR";"PDT / PSB";"D";"DEFERIDO"
"30/01/2022";"10:01:52";"2018";"2";"ELEIÇÃO ORDINÁRIA";"1";"297";"Eleições Gerais Estaduais 2018";"07/10/2018";"RJ";"RJ";"RIO DE JANEIRO";"5";"SENADOR";"COLIGACAO";"15";"MDB";"MOVIMENTO DEMOCRÁTICO BRASILEIRO";"190000050262";"FORÇA DO RIO";"DEM / PP / MDB / PTB / SOLIDARIEDADE / PSDB / PPS / PV / DC / PHS / AVANTE / PMN";"D";"DEFERIDO"
"30/01/2022";"10:01:52";"2018";"2";"ELEIÇÃO ORDINÁRIA";"1";"297";"Eleições Gerais Estaduais 2018";"07/10/2018";"RJ";"RJ";"RIO DE JANEIRO";"7";"DEPUTADO ESTADUAL";"PARTIDO ISOLADO";"30";"NOVO";"PARTIDO NOVO";"190000050062";"#NULO#";"NOVO";"D";"DEFERIDO"
"30/01/2022";"10:01:52";"2018";"2";"ELEIÇÃO ORDINÁRIA";"1";"297";"Eleições Gerais Estaduais 2018";"07/10/2018";"RJ";"RJ";"RIO DE JANEIRO";"3";"GOVERNADOR";"COLIGACAO";"70";"AVANTE";"AVANTE";"190000050262";"FORÇA DO RIO";"DEM / PP / MDB / PTB / SOLIDARIEDADE / PSDB / PPS / PV / DC / PHS / AVANTE / PMN";"D";"DEFERIDO"
"30/01/2022";"10:01:52";"2018";"2";"ELEIÇÃO ORDINÁRIA";"1";"297";"Eleições Gerais Estaduais 2018";"07/10/2018";"RJ";"RJ";"RIO DE JANEIRO";"6";"DEPUTADO FEDERAL";"COLIGACAO";"43";"PV";"PARTIDO VERDE";"190000050675";"Rio Sustentável";"PV / DC";"D";"DEFERIDO"
"30/01/2022";"10:01:52";"2018";"2";"ELEIÇÃO ORDINÁRIA";"1";"297";"Eleições Gerais Estaduais 2018";"07/10/2018";"RJ";"RJ";"RIO DE JANEIRO";"4";"VICE-GOVERNADOR";"COLIGACAO";"77";"SOLIDARIEDADE";"SOLIDARIEDADE";"190000050262";"FORÇA DO RIO";"DEM / PP / MDB / PTB / SOLIDARIEDADE / PSDB / PPS / PV / DC / PHS / AVANTE / PMN";"D";"DEFERIDO"
"30/01/2022";"10:01:52";"2018";"2";"ELEIÇÃO ORDINÁRIA";"1";"297";"Eleições Gerais Estaduais 2018";"07/10/2018";"RJ";"RJ";"RIO DE JANEIRO";"4";"VICE-GOVERNADOR";"COLIGACAO";"18";"REDE";"REDE SUSTENTABILIDADE";"190000050290";"A FORÇA QUE VEM DO POVO";"PODE / PR / REDE / PPL";"D";"DEFERIDO"
"30/01/2022";"10:01:52";"2018";"2";"ELEIÇÃO ORDINÁRIA";"1";"297";"Eleições Gerais Estaduais 2018";"07/10/2018";"RJ";"RJ";"RIO DE JANEIRO";"10";"2º SUPLENTE";"PARTIDO ISOLADO";"29";"PCO";"PARTIDO DA CAUSA OPERÁRIA";"190000050419";"#NULO#";"PCO";"IN";"INDEFERIDO"
"30/01/2022";"10:01:52";"2018";"2";"ELEIÇÃO ORDINÁRIA";"1";"297";"Eleições Gerais Estaduais 2018";"07/10/2018";"RJ";"RJ";"RIO DE JANEIRO";"3";"GOVERNADOR";"COLIGACAO";"65";"PC do B";"PARTIDO COMUNISTA DO BRASIL";"190000050362";"FRENTE POPULAR";"PT / PC do B";"D";"DEFERIDO"
"30/01/2022";"10:01:52";"2018";"2";"ELEIÇÃO ORDINÁRIA";"1";"297";"Eleições Gerais Estaduais 2018";"07/10/2018";"RJ";"RJ";"RIO DE JANEIRO";"6";"DEPUTADO FEDERAL";"PARTIDO ISOLADO";"51";"PATRIOTA";"PATRIOTA";"190000050610";"#NULO#";"PATRIOTA";"D";"DEFERIDO"
"30/01/2022";"10:01:52";"2018";"2";"ELEIÇÃO ORDINÁRIA";"1";"297";"Eleições Gerais Estaduais 2018";"07/10/2018";"RJ";"RJ";"RIO DE JANEIRO";"9";"1º SUPLENTE";"COLIGACAO";"27";"DC";"DEMOCRACIA CRISTÃ";"190000050262";"FORÇA DO RIO";"DEM / PP / MDB / PTB / SOLIDARIEDADE / PSDB / PPS / PV / DC / PHS / AVANTE / PMN";"D";"DEFERIDO"
"30/01/2022";"10:01:52";"2018";"2";"ELEIÇÃO ORDINÁRIA";"1";"297";"Eleições Gerais Estaduais 2018";"07/10/2018";"RJ";"RJ";"RIO DE JANEIRO";"9";"1º SUPLENTE";"COLIGACAO";"77";"SOLIDARIEDADE";"SOLIDARIEDADE";"190000050262";"FORÇA DO RIO";"DEM / PP / MDB / PTB / SOLIDARIEDADE / PSDB / PPS / PV / DC / PHS / AVANTE / PMN";"D";"DEFERIDO"
"30/01/2022";"10:01:52";"2018";"2";"ELEIÇÃO ORDINÁRIA";"1";"297";"Eleições Gerais Estaduais 2018";"07/10/2018";"RJ";"RJ";"RIO DE JANEIRO";"6";"DEPUTADO FEDERAL";"PARTIDO ISOLADO";"44";"PRP";"PARTIDO REPUBLICANO PROGRESSISTA";"190000050661";"#NULO#";"PRP";"D";"DEFERIDO"
"30/01/2022";"10:01:52";"2018";"2";"ELEIÇÃO ORDINÁRIA";"1";"297";"Eleições Gerais Estaduais 2018";"07/10/2018";"RJ";"RJ";"RIO DE JANEIRO";"7";"DEPUTADO ESTADUAL";"PARTIDO ISOLADO";"44";"PRP";"PARTIDO REPUBLICANO PROGRESSISTA";"190000050661";"#NULO#";"PRP";"D";"DEFERIDO"
"30/01/2022";"10:01:52";"2018";"2";"ELEIÇÃO ORDINÁRIA";"1";"297";"Eleições Gerais Estaduais 2018";"07/10/2018";"RJ";"RJ";"RIO DE JANEIRO";"9";"1º SUPLENTE";"COLIGACAO";"21";"PCB";"PARTIDO COMUNISTA BRASILEIRO";"190000050058";"MUDAR É POSSÍVEL";"PSOL / PCB";"D";"DEFERIDO"
"30/01/2022";"10:01:52";"2018";"2";"ELEIÇÃO ORDINÁRIA";"1";"297";"Eleições Gerais Estaduais 2018";"07/10/2018";"RJ";"RJ";"RIO DE JANEIRO";"3";"GOVERNADOR";"COLIGACAO";"45";"PSDB";"PARTIDO DA SOCIAL DEMOCRACIA BRASILEIRA";"190000050262";"FORÇA DO RIO";"DEM / PP / MDB / PTB / SOLIDARIEDADE / PSDB / PPS / PV / DC / PHS / AVANTE / PMN";"D";"DEFERIDO"
"30/01/2022";"10:01:52";"2018";"2";"ELEIÇÃO ORDINÁRIA";"1";"297";"Eleições Gerais Estaduais 2018";"07/10/2018";"RJ";"RJ";"RIO DE JANEIRO";"7";"DEPUTADO ESTADUAL";"PARTIDO ISOLADO";"35";"PMB";"PARTIDO DA MULHER BRASILEIRA";"190000050392";"#NULO#";"PMB";"D";"DEFERIDO"
"30/01/2022";"10:01:52";"2018";"2";"ELEIÇÃO ORDINÁRIA";"1";"297";"Eleições Gerais Estaduais 2018";"07/10/2018";"RJ";"RJ";"RIO DE JANEIRO";"7";"DEPUTADO ESTADUAL";"PARTIDO ISOLADO";"11";"PP";"PROGRESSISTAS";"190000050043";"#NULO#";"PP";"D";"DEFERIDO"
"30/01/2022";"10:01:52";"2018";"2";"ELEIÇÃO ORDINÁRIA";"1";"297";"Eleições Gerais Estaduais 2018";"07/10/2018";"RJ";"RJ";"RIO DE JANEIRO";"10";"2º SUPLENTE";"COLIGACAO";"10";"PRB";"PARTIDO REPUBLICANO BRASILEIRO";"190000050571";"Para o Povo Voltar a Ser Feliz";"PRP / PRB / PTC / PATRIOTA";"D";"DEFERIDO"
"30/01/2022";"10:01:52";"2018";"2";"ELEIÇÃO ORDINÁRIA";"1";"297";"Eleições Gerais Estaduais 2018";"07/10/2018";"RJ";"RJ";"RIO DE JANEIRO";"10";"2º SUPLENTE";"PARTIDO ISOLADO";"35";"PMB";"PARTIDO DA MULHER BRASILEIRA";"190000050392";"#NULO#";"PMB";"D";"DEFERIDO"
"30/01/2022";"10:01:52";"2018";"2";"ELEIÇÃO ORDINÁRIA";"1";"297";"Eleições Gerais Estaduais 2018";"07/10/2018";"RJ";"RJ";"RIO DE JANEIRO";"7";"DEPUTADO ESTADUAL";"PARTIDO ISOLADO";"22";"PR";"PARTIDO DA REPÚBLICA";"190000050104";"#NULO#";"PR";"D";"DEFERIDO"
"30/01/2022";"10:01:52";"2018";"2";"ELEIÇÃO ORDINÁRIA";"1";"297";"Eleições Gerais Estaduais 2018";"07/10/2018";"RJ";"RJ";"RIO DE JANEIRO";"4";"VICE-GOVERNADOR";"COLIGACAO";"20";"PSC";"PARTIDO SOCIAL CRISTÃO";"190000050329";"MAIS ORDEM, MAIS PROGRESSO";"PSC / PROS";"D";"DEFERIDO"
"30/01/2022";"10:01:52";"2018";"2";"ELEIÇÃO ORDINÁRIA";"1";"297";"Eleições Gerais Estaduais 2018";"07/10/2018";"RJ";"RJ";"RIO DE JANEIRO";"5";"SENADOR";"COLIGACAO";"43";"PV";"PARTIDO VERDE";"190000050262";"FORÇA DO RIO";"DEM / PP / MDB / PTB / SOLIDARIEDADE / PSDB / PPS / PV / DC / PHS / AVANTE / PMN";"D";"DEFERIDO"
"30/01/2022";"10:01:52";"2018";"2";"ELEIÇÃO ORDINÁRIA";"1";"297";"Eleições Gerais Estaduais 2018";"07/10/2018";"RJ";"RJ";"RIO DE JANEIRO";"10";"2º SUPLENTE";"COLIGACAO";"13";"PT";"PARTIDO DOS TRABALHADORES";"190000050362";"FRENTE POPULAR";"PT / PC do B";"D";"DEFERIDO"
"30/01/2022";"10:01:52";"2018";"2";"ELEIÇÃO ORDINÁRIA";"1";"297";"Eleições Gerais Estaduais 2018";"07/10/2018";"RJ";"RJ";"RIO DE JANEIRO";"6";"DEPUTADO FEDERAL";"COLIGACAO";"77";"SOLIDARIEDADE";"SOLIDARIEDADE";"190000050094";"O RIO TEM JEITO";"SOLIDARIEDADE / PSDB / PPS";"D";"DEFERIDO"
"30/01/2022";"10:01:52";"2018";"2";"ELEIÇÃO ORDINÁRIA";"1";"297";"Eleições Gerais Estaduais 2018";"07/10/2018";"RJ";"RJ";"RIO DE JANEIRO";"6";"DEPUTADO FEDERAL";"COLIGACAO";"70";"AVANTE";"AVANTE";"190000050433";"PMN / AVANTE";"PMN / AVANTE";"D";"DEFERIDO"
"30/01/2022";"10:01:52";"2018";"2";"ELEIÇÃO ORDINÁRIA";"1";"297";"Eleições Gerais Estaduais 2018";"07/10/2018";"RJ";"RJ";"RIO DE JANEIRO";"6";"DEPUTADO FEDERAL";"COLIGACAO";"33";"PMN";"PARTIDO DA MOBILIZAÇÃO NACIONAL";"190000050433";"PMN / AVANTE";"PMN / AVANTE";"D";"DEFERIDO"
"30/01/2022";"10:01:52";"2018";"2";"ELEIÇÃO ORDINÁRIA";"1";"297";"Eleições Gerais Estaduais 2018";"07/10/2018";"RJ";"RJ";"RIO DE JANEIRO";"7";"DEPUTADO ESTADUAL";"PARTIDO ISOLADO";"25";"DEM";"DEMOCRATAS";"190000050231";"#NULO#";"DEM";"D";"DEFERIDO"
"30/01/2022";"10:01:52";"2018";"2";"ELEIÇÃO ORDINÁRIA";"1";"297";"Eleições Gerais Estaduais 2018";"07/10/2018";"RJ";"RJ";"RIO DE JANEIRO";"6";"DEPUTADO FEDERAL";"PARTIDO ISOLADO";"11";"PP";"PROGRESSISTAS";"190000050043";"#NULO#";"PP";"D";"DEFERIDO"
"30/01/2022";"10:01:52";"2018";"2";"ELEIÇÃO ORDINÁRIA";"1";"297";"Eleições Gerais Estaduais 2018";"07/10/2018";"RJ";"RJ";"RIO DE JANEIRO";"7";"DEPUTADO ESTADUAL";"PARTIDO ISOLADO";"20";"PSC";"PARTIDO SOCIAL CRISTÃO";"190000050503";"#NULO#";"PSC";"D";"DEFERIDO"
"30/01/2022";"10:01:52";"2018";"2";"ELEIÇÃO ORDINÁRIA";"1";"297";"Eleições Gerais Estaduais 2018";"07/10/2018";"RJ";"RJ";"RIO DE JANEIRO";"7";"DEPUTADO ESTADUAL";"PARTIDO ISOLADO";"40";"PSB";"PARTIDO SOCIALISTA BRASILEIRO";"190000050611";"#NULO#";"PSB";"D";"DEFERIDO"
"30/01/2022";"10:01:52";"2018";"2";"ELEIÇÃO ORDINÁRIA";"1";"297";"Eleições Gerais Estaduais 2018";"07/10/2018";"RJ";"RJ";"RIO DE JANEIRO";"6";"DEPUTADO FEDERAL";"COLIGACAO";"13";"PT";"PARTIDO DOS TRABALHADORES";"190000050362";"FRENTE POPULAR";"PT / PC do B";"D";"DEFERIDO"
"30/01/2022";"10:01:52";"2018";"2";"ELEIÇÃO ORDINÁRIA";"1";"297";"Eleições Gerais Estaduais 2018";"07/10/2018";"RJ";"RJ";"RIO DE JANEIRO";"5";"SENADOR";"COLIGACAO";"13";"PT";"PARTIDO DOS TRABALHADORES";"190000050362";"FRENTE POPULAR";"PT / PC do B";"D";"DEFERIDO"
"30/01/2022";"10:01:52";"2018";"2";"ELEIÇÃO ORDINÁRIA";"1";"297";"Eleições Gerais Estaduais 2018";"07/10/2018";"RJ";"RJ";"RIO DE JANEIRO";"10";"2º SUPLENTE";"COLIGACAO";"54";"PPL";"PARTIDO PÁTRIA LIVRE";"190000050290";"A FORÇA QUE VEM DO POVO";"PODE / PR / REDE / PPL";"D";"DEFERIDO"
"30/01/2022";"10:01:52";"2018";"2";"ELEIÇÃO ORDINÁRIA";"1";"297";"Eleições Gerais Estaduais 2018";"07/10/2018";"RJ";"RJ";"RIO DE JANEIRO";"4";"VICE-GOVERNADOR";"COLIGACAO";"22";"PR";"PARTIDO DA REPÚBLICA";"190000050290";"A FORÇA QUE VEM DO POVO";"PODE / PR / REDE / PPL";"D";"DEFERIDO"
"30/01/2022";"10:01:52";"2018";"2";"ELEIÇÃO ORDINÁRIA";"1";"297";"Eleições Gerais Estaduais 2018";"07/10/2018";"RJ";"RJ";"RIO DE JANEIRO";"5";"SENADOR";"COLIGACAO";"44";"PRP";"PARTIDO REPUBLICANO PROGRESSISTA";"190000050571";"Para o Povo Voltar a Ser Feliz";"PRP / PRB / PTC / PATRIOTA";"D";"DEFERIDO"
"30/01/2022";"10:01:52";"2018";"2";"ELEIÇÃO ORDINÁRIA";"1";"297";"Eleições Gerais Estaduais 2018";"07/10/2018";"RJ";"RJ";"RIO DE JANEIRO";"10";"2º SUPLENTE";"COLIGACAO";"90";"PROS";"PARTIDO REPUBLICANO DA ORDEM SOCIAL";"190000050329";"MAIS ORDEM, MAIS PROGRESSO";"PSC / PROS";"D";"DEFERIDO"
"30/01/2022";"10:01:52";"2018";"2";"ELEIÇÃO ORDINÁRIA";"1";"297";"Eleições Gerais Estaduais 2018";"07/10/2018";"RJ";"RJ";"RIO DE JANEIRO";"10";"2º SUPLENTE";"COLIGACAO";"51";"PATRIOTA";"PATRIOTA";"190000050571";"Para o Povo Voltar a Ser Feliz";"PRP / PRB / PTC / PATRIOTA";"D";"DEFERIDO"
"30/01/2022";"10:01:52";"2018";"2";"ELEIÇÃO ORDINÁRIA";"1";"297";"Eleições Gerais Estaduais 2018";"07/10/2018";"RJ";"RJ";"RIO DE JANEIRO";"9";"1º SUPLENTE";"COLIGACAO";"31";"PHS";"PARTIDO HUMANISTA DA SOLIDARIEDADE";"190000050262";"FORÇA DO RIO";"DEM / PP / MDB / PTB / SOLIDARIEDADE / PSDB / PPS / PV / DC / PHS / AVANTE / PMN";"D";"DEFERIDO"
"30/01/2022";"10:01:52";"2018";"2";"ELEIÇÃO ORDINÁRIA";"1";"297";"Eleições Gerais Estaduais 2018";"07/10/2018";"RJ";"RJ";"RIO DE JANEIRO";"4";"VICE-GOVERNADOR";"COLIGACAO";"43";"PV";"PARTIDO VERDE";"190000050262";"FORÇA DO RIO";"DEM / PP / MDB / PTB / SOLIDARIEDADE / PSDB / PPS / PV / DC / PHS / AVANTE / PMN";"D";"DEFERIDO"
"30/01/2022";"10:01:52";"2018";"2";"ELEIÇÃO ORDINÁRIA";"1";"297";"Eleições Gerais Estaduais 2018";"07/10/2018";"RJ";"RJ";"RIO DE JANEIRO";"5";"SENADOR";"COLIGACAO";"65";"PC do B";"PARTIDO COMUNISTA DO BRASIL";"190000050362";"FRENTE POPULAR";"PT / PC do B";"D";"DEFERIDO"
"30/01/2022";"10:01:52";"2018";"2";"ELEIÇÃO ORDINÁRIA";"1";"297";"Eleições Gerais Estaduais 2018";"07/10/2018";"RJ";"RJ";"RIO DE JANEIRO";"5";"SENADOR";"COLIGACAO";"25";"DEM";"DEMOCRATAS";"190000050262";"FORÇA DO RIO";"DEM / PP / MDB / PTB / SOLIDARIEDADE / PSDB / PPS / PV / DC / PHS / AVANTE / PMN";"D";"DEFERIDO"
"30/01/2022";"10:01:52";"2018";"2";"ELEIÇÃO ORDINÁRIA";"1";"297";"Eleições Gerais Estaduais 2018";"07/10/2018";"RJ";"RJ";"RIO DE JANEIRO";"6";"DEPUTADO FEDERAL";"COLIGACAO";"22";"PR";"PARTIDO DA REPÚBLICA";"190000050120";"JUNTOS PELO RIO";"PODE / PR";"D";"DEFERIDO"
"30/01/2022";"10:01:52";"2018";"2";"ELEIÇÃO ORDINÁRIA";"1";"297";"Eleições Gerais Estaduais 2018";"07/10/2018";"RJ";"RJ";"RIO DE JANEIRO";"3";"GOVERNADOR";"COLIGACAO";"44";"PRP";"PARTIDO REPUBLICANO PROGRESSISTA";"190000050571";"Para o Povo Voltar a Ser Feliz";"PRP / PRB / PTC / PATRIOTA";"D";"DEFERIDO"
"30/01/2022";"10:01:52";"2018";"2";"ELEIÇÃO ORDINÁRIA";"1";"297";"Eleições Gerais Estaduais 2018";"07/10/2018";"RJ";"RJ";"RIO DE JANEIRO";"5";"SENADOR";"COLIGACAO";"36";"PTC";"PARTIDO TRABALHISTA CRISTÃO";"190000050571";"Para o Povo Voltar a Ser Feliz";"PRP / PRB / PTC / PATRIOTA";"D";"DEFERIDO"
"30/01/2022";"10:01:52";"2018";"2";"ELEIÇÃO ORDINÁRIA";"1";"297";"Eleições Gerais Estaduais 2018";"07/10/2018";"RJ";"RJ";"RIO DE JANEIRO";"10";"2º SUPLENTE";"COLIGACAO";"18";"REDE";"REDE SUSTENTABILIDADE";"190000050290";"A FORÇA QUE VEM DO POVO";"PODE / PR / REDE / PPL";"D";"DEFERIDO"
"30/01/2022";"10:01:52";"2018";"2";"ELEIÇÃO ORDINÁRIA";"1";"297";"Eleições Gerais Estaduais 2018";"07/10/2018";"RJ";"RJ";"RIO DE JANEIRO";"7";"DEPUTADO ESTADUAL";"COLIGACAO";"21";"PCB";"PARTIDO COMUNISTA BRASILEIRO";"190000050058";"MUDAR É POSSÍVEL";"PSOL / PCB";"D";"DEFERIDO"
"30/01/2022";"10:01:52";"2018";"2";"ELEIÇÃO ORDINÁRIA";"1";"297";"Eleições Gerais Estaduais 2018";"07/10/2018";"RJ";"RJ";"RIO DE JANEIRO";"7";"DEPUTADO ESTADUAL";"PARTIDO ISOLADO";"12";"PDT";"PARTIDO DEMOCRÁTICO TRABALHISTA";"190000050590";"#NULO#";"PDT";"D";"DEFERIDO"
"30/01/2022";"10:01:52";"2018";"2";"ELEIÇÃO ORDINÁRIA";"1";"297";"Eleições Gerais Estaduais 2018";"07/10/2018";"RJ";"RJ";"RIO DE JANEIRO";"10";"2º SUPLENTE";"COLIGACAO";"14";"PTB";"PARTIDO TRABALHISTA BRASILEIRO";"190000050262";"FORÇA DO RIO";"DEM / PP / MDB / PTB / SOLIDARIEDADE / PSDB / PPS / PV / DC / PHS / AVANTE / PMN";"D";"DEFERIDO"
"30/01/2022";"10:01:52";"2018";"2";"ELEIÇÃO ORDINÁRIA";"1";"297";"Eleições Gerais Estaduais 2018";"07/10/2018";"RJ";"RJ";"RIO DE JANEIRO";"4";"VICE-GOVERNADOR";"COLIGACAO";"12";"PDT";"PARTIDO DEMOCRÁTICO TRABALHISTA";"190000050414";"RENOVAR PARA MUDAR";"PDT / PSB";"D";"DEFERIDO"
"30/01/2022";"10:01:52";"2018";"2";"ELEIÇÃO ORDINÁRIA";"1";"297";"Eleições Gerais Estaduais 2018";"07/10/2018";"RJ";"RJ";"RIO DE JANEIRO";"9";"1º SUPLENTE";"COLIGACAO";"15";"MDB";"MOVIMENTO DEMOCRÁTICO BRASILEIRO";"190000050262";"FORÇA DO RIO";"DEM / PP / MDB / PTB / SOLIDARIEDADE / PSDB / PPS / PV / DC / PHS / AVANTE / PMN";"D";"DEFERIDO"
"30/01/2022";"10:01:52";"2018";"2";"ELEIÇÃO ORDINÁRIA";"1";"297";"Eleições Gerais Estaduais 2018";"07/10/2018";"RJ";"RJ";"RIO DE JANEIRO";"9";"1º SUPLENTE";"COLIGACAO";"90";"PROS";"PARTIDO REPUBLICANO DA ORDEM SOCIAL";"190000050329";"MAIS ORDEM, MAIS PROGRESSO";"PSC / PROS";"D";"DEFERIDO"
"30/01/2022";"10:01:52";"2018";"2";"ELEIÇÃO ORDINÁRIA";"1";"297";"Eleições Gerais Estaduais 2018";"07/10/2018";"RJ";"RJ";"RIO DE JANEIRO";"7";"DEPUTADO ESTADUAL";"PARTIDO ISOLADO";"10";"PRB";"PARTIDO REPUBLICANO BRASILEIRO";"190000050720";"#NULO#";"PRB";"D";"DEFERIDO"
"30/01/2022";"10:01:52";"2018";"2";"ELEIÇÃO ORDINÁRIA";"1";"297";"Eleições Gerais Estaduais 2018";"07/10/2018";"RJ";"RJ";"RIO DE JANEIRO";"6";"DEPUTADO FEDERAL";"COLIGACAO";"45";"PSDB";"PARTIDO DA SOCIAL DEMOCRACIA BRASILEIRA";"190000050094";"O RIO TEM JEITO";"SOLIDARIEDADE / PSDB / PPS";"D";"DEFERIDO"
"30/01/2022";"10:01:52";"2018";"2";"ELEIÇÃO ORDINÁRIA";"1";"297";"Eleições Gerais Estaduais 2018";"07/10/2018";"RJ";"RJ";"RIO DE JANEIRO";"9";"1º SUPLENTE";"COLIGACAO";"50";"PSOL";"PARTIDO SOCIALISMO E LIBERDADE";"190000050058";"MUDAR É POSSÍVEL";"PSOL / PCB";"D";"DEFERIDO"
"30/01/2022";"10:01:52";"2018";"2";"ELEIÇÃO ORDINÁRIA";"1";"297";"Eleições Gerais Estaduais 2018";"07/10/2018";"RJ";"RJ";"RIO DE JANEIRO";"9";"1º SUPLENTE";"COLIGACAO";"44";"PRP";"PARTIDO REPUBLICANO PROGRESSISTA";"190000050571";"Para o Povo Voltar a Ser Feliz";"PRP / PRB / PTC / PATRIOTA";"D";"DEFERIDO"
"30/01/2022";"10:01:52";"2018";"2";"ELEIÇÃO ORDINÁRIA";"1";"297";"Eleições Gerais Estaduais 2018";"07/10/2018";"RJ";"RJ";"RIO DE JANEIRO";"3";"GOVERNADOR";"COLIGACAO";"90";"PROS";"PARTIDO REPUBLICANO DA ORDEM SOCIAL";"190000050329";"MAIS ORDEM, MAIS PROGRESSO";"PSC / PROS";"D";"DEFERIDO"
"30/01/2022";"10:01:52";"2018";"2";"ELEIÇÃO ORDINÁRIA";"1";"297";"Eleições Gerais Estaduais 2018";"07/10/2018";"RJ";"RJ";"RIO DE JANEIRO";"9";"1º SUPLENTE";"COLIGACAO";"36";"PTC";"PARTIDO TRABALHISTA CRISTÃO";"190000050571";"Para o Povo Voltar a Ser Feliz";"PRP / PRB / PTC / PATRIOTA";"D";"DEFERIDO"
"30/01/2022";"10:01:52";"2018";"2";"ELEIÇÃO ORDINÁRIA";"1";"297";"Eleições Gerais Estaduais 2018";"07/10/2018";"RJ";"RJ";"RIO DE JANEIRO";"7";"DEPUTADO ESTADUAL";"COLIGACAO";"45";"PSDB";"PARTIDO DA SOCIAL DEMOCRACIA BRASILEIRA";"190000050224";"O RIO SEM CRISE";"PPS / PSDB";"D";"DEFERIDO"
"30/01/2022";"10:01:52";"2018";"2";"ELEIÇÃO ORDINÁRIA";"1";"297";"Eleições Gerais Estaduais 2018";"07/10/2018";"RJ";"RJ";"RIO DE JANEIRO";"7";"DEPUTADO ESTADUAL";"PARTIDO ISOLADO";"65";"PC do B";"PARTIDO COMUNISTA DO BRASIL";"190000050287";"#NULO#";"PC do B";"D";"DEFERIDO"
"30/01/2022";"10:01:52";"2018";"2";"ELEIÇÃO ORDINÁRIA";"1";"297";"Eleições Gerais Estaduais 2018";"07/10/2018";"RJ";"RJ";"RIO DE JANEIRO";"6";"DEPUTADO FEDERAL";"PARTIDO ISOLADO";"31";"PHS";"PARTIDO HUMANISTA DA SOLIDARIEDADE";"190000050173";"#NULO#";"PHS";"D";"DEFERIDO"
"30/01/2022";"10:01:52";"2018";"2";"ELEIÇÃO ORDINÁRIA";"1";"297";"Eleições Gerais Estaduais 2018";"07/10/2018";"RJ";"RJ";"RIO DE JANEIRO";"9";"1º SUPLENTE";"COLIGACAO";"40";"PSB";"PARTIDO SOCIALISTA BRASILEIRO";"190000050414";"RENOVAR PARA MUDAR";"PDT / PSB";"D";"DEFERIDO"
"30/01/2022";"10:01:52";"2018";"2";"ELEIÇÃO ORDINÁRIA";"1";"297";"Eleições Gerais Estaduais 2018";"07/10/2018";"RJ";"RJ";"RIO DE JANEIRO";"9";"1º SUPLENTE";"COLIGACAO";"19";"PODE";"PODEMOS";"190000050290";"A FORÇA QUE VEM DO POVO";"PODE / PR / REDE / PPL";"D";"DEFERIDO"
"30/01/2022";"10:01:52";"2018";"2";"ELEIÇÃO ORDINÁRIA";"1";"297";"Eleições Gerais Estaduais 2018";"07/10/2018";"RJ";"RJ";"RIO DE JANEIRO";"3";"GOVERNADOR";"COLIGACAO";"10";"PRB";"PARTIDO REPUBLICANO BRASILEIRO";"190000050571";"Para o Povo Voltar a Ser Feliz";"PRP / PRB / PTC / PATRIOTA";"D";"DEFERIDO"
"30/01/2022";"10:01:52";"2018";"2";"ELEIÇÃO ORDINÁRIA";"1";"297";"Eleições Gerais Estaduais 2018";"07/10/2018";"RJ";"RJ";"RIO DE JANEIRO";"6";"DEPUTADO FEDERAL";"COLIGACAO";"40";"PSB";"PARTIDO SOCIALISTA BRASILEIRO";"190000050414";"RENOVAR PARA MUDAR";"PDT / PSB";"D";"DEFERIDO"
"30/01/2022";"10:01:52";"2018";"2";"ELEIÇÃO ORDINÁRIA";"1";"297";"Eleições Gerais Estaduais 2018";"07/10/2018";"RJ";"RJ";"RIO DE JANEIRO";"5";"SENADOR";"COLIGACAO";"45";"PSDB";"PARTIDO DA SOCIAL DEMOCRACIA BRASILEIRA";"190000050262";"FORÇA DO RIO";"DEM / PP / MDB / PTB / SOLIDARIEDADE / PSDB / PPS / PV / DC / PHS / AVANTE / PMN";"D";"DEFERIDO"
"30/01/2022";"10:01:52";"2018";"2";"ELEIÇÃO ORDINÁRIA";"1";"297";"Eleições Gerais Estaduais 2018";"07/10/2018";"RJ";"RJ";"RIO DE JANEIRO";"3";"GOVERNADOR";"COLIGACAO";"19";"PODE";"PODEMOS";"190000050290";"A FORÇA QUE VEM DO POVO";"PODE / PR / REDE / PPL";"D";"DEFERIDO"
"30/01/2022";"10:01:52";"2018";"2";"ELEIÇÃO ORDINÁRIA";"1";"297";"Eleições Gerais Estaduais 2018";"07/10/2018";"RJ";"RJ";"RIO DE JANEIRO";"3";"GOVERNADOR";"COLIGACAO";"51";"PATRIOTA";"PATRIOTA";"190000050571";"Para o Povo Voltar a Ser Feliz";"PRP / PRB / PTC / PATRIOTA";"D";"DEFERIDO"
"30/01/2022";"10:01:52";"2018";"2";"ELEIÇÃO ORDINÁRIA";"1";"297";"Eleições Gerais Estaduais 2018";"07/10/2018";"RJ";"RJ";"RIO DE JANEIRO";"7";"DEPUTADO ESTADUAL";"PARTIDO ISOLADO";"17";"PSL";"PARTIDO SOCIAL LIBERAL";"190000050390";"#NULO#";"PSL";"D";"DEFERIDO"
"30/01/2022";"10:01:52";"2018";"2";"ELEIÇÃO ORDINÁRIA";"1";"297";"Eleições Gerais Estaduais 2018";"07/10/2018";"RJ";"RJ";"RIO DE JANEIRO";"6";"DEPUTADO FEDERAL";"COLIGACAO";"25";"DEM";"DEMOCRATAS";"190000050195";"O RIO QUER PAZ";"DEM / MDB / PP / PTB";"D";"DEFERIDO"
"30/01/2022";"10:01:52";"2018";"2";"ELEIÇÃO ORDINÁRIA";"1";"297";"Eleições Gerais Estaduais 2018";"07/10/2018";"RJ";"RJ";"RIO DE JANEIRO";"7";"DEPUTADO ESTADUAL";"PARTIDO ISOLADO";"55";"PSD";"PARTIDO SOCIAL DEMOCRÁTICO";"190000050208";"#NULO#";"PSD";"D";"DEFERIDO"
"30/01/2022";"10:01:52";"2018";"2";"ELEIÇÃO ORDINÁRIA";"1";"297";"Eleições Gerais Estaduais 2018";"07/10/2018";"RJ";"RJ";"RIO DE JANEIRO";"9";"1º SUPLENTE";"COLIGACAO";"13";"PT";"PARTIDO DOS TRABALHADORES";"190000050362";"FRENTE POPULAR";"PT / PC do B";"D";"DEFERIDO"
"30/01/2022";"10:01:52";"2018";"2";"ELEIÇÃO ORDINÁRIA";"1";"297";"Eleições Gerais Estaduais 2018";"07/10/2018";"RJ";"RJ";"RIO DE JANEIRO";"7";"DEPUTADO ESTADUAL";"COLIGACAO";"50";"PSOL";"PARTIDO SOCIALISMO E LIBERDADE";"190000050058";"MUDAR É POSSÍVEL";"PSOL / PCB";"D";"DEFERIDO"
"30/01/2022";"10:01:52";"2018";"2";"ELEIÇÃO ORDINÁRIA";"1";"297";"Eleições Gerais Estaduais 2018";"07/10/2018";"RJ";"RJ";"RIO DE JANEIRO";"6";"DEPUTADO FEDERAL";"COLIGACAO";"23";"PPS";"PARTIDO POPULAR SOCIALISTA";"190000050094";"O RIO TEM JEITO";"SOLIDARIEDADE / PSDB / PPS";"D";"DEFERIDO"
"30/01/2022";"10:01:52";"2018";"2";"ELEIÇÃO ORDINÁRIA";"1";"297";"Eleições Gerais Estaduais 2018";"07/10/2018";"RJ";"RJ";"RIO DE JANEIRO";"4";"VICE-GOVERNADOR";"COLIGACAO";"23";"PPS";"PARTIDO POPULAR SOCIALISTA";"190000050262";"FORÇA DO RIO";"DEM / PP / MDB / PTB / SOLIDARIEDADE / PSDB / PPS / PV / DC / PHS / AVANTE / PMN";"D";"DEFERIDO"
"30/01/2022";"10:01:52";"2018";"2";"ELEIÇÃO ORDINÁRIA";"1";"297";"Eleições Gerais Estaduais 2018";"07/10/2018";"RJ";"RJ";"RIO DE JANEIRO";"3";"GOVERNADOR";"COLIGACAO";"21";"PCB";"PARTIDO COMUNISTA BRASILEIRO";"190000050058";"MUDAR É POSSÍVEL";"PSOL / PCB";"D";"DEFERIDO"
"30/01/2022";"10:01:52";"2018";"2";"ELEIÇÃO ORDINÁRIA";"1";"297";"Eleições Gerais Estaduais 2018";"07/10/2018";"RJ";"RJ";"RIO DE JANEIRO";"10";"2º SUPLENTE";"COLIGACAO";"27";"DC";"DEMOCRACIA CRISTÃ";"190000050262";"FORÇA DO RIO";"DEM / PP / MDB / PTB / SOLIDARIEDADE / PSDB / PPS / PV / DC / PHS / AVANTE / PMN";"D";"DEFERIDO"
"30/01/2022";"10:01:52";"2018";"2";"ELEIÇÃO ORDINÁRIA";"1";"297";"Eleições Gerais Estaduais 2018";"07/10/2018";"RJ";"RJ";"RIO DE JANEIRO";"6";"DEPUTADO FEDERAL";"PARTIDO ISOLADO";"54";"PPL";"PARTIDO PÁTRIA LIVRE";"190000050607";"#NULO#";"PPL";"D";"DEFERIDO"
"30/01/2022";"10:01:52";"2018";"2";"ELEIÇÃO ORDINÁRIA";"1";"297";"Eleições Gerais Estaduais 2018";"07/10/2018";"RJ";"RJ";"RIO DE JANEIRO";"5";"SENADOR";"COLIGACAO";"50";"PSOL";"PARTIDO SOCIALISMO E LIBERDADE";"190000050058";"MUDAR É POSSÍVEL";"PSOL / PCB";"D";"DEFERIDO"
"30/01/2022";"10:01:52";"2018";"2";"ELEIÇÃO ORDINÁRIA";"1";"297";"Eleições Gerais Estaduais 2018";"07/10/2018";"RJ";"RJ";"RIO DE JANEIRO";"6";"DEPUTADO FEDERAL";"COLIGACAO";"11";"PP";"PROGRESSISTAS";"190000050195";"O RIO QUER PAZ";"DEM / MDB / PP / PTB";"D";"DEFERIDO"
"30/01/2022";"10:01:52";"2018";"2";"ELEIÇÃO ORDINÁRIA";"1";"297";"Eleições Gerais Estaduais 2018";"07/10/2018";"RJ";"RJ";"RIO DE JANEIRO";"10";"2º SUPLENTE";"PARTIDO ISOLADO";"28";"PRTB";"PARTIDO RENOVADOR TRABALHISTA BRASILEIRO";"190000050716";"#NULO#";"PRTB";"D";"DEFERIDO"
"30/01/2022";"10:01:52";"2018";"2";"ELEIÇÃO ORDINÁRIA";"1";"297";"Eleições Gerais Estaduais 2018";"07/10/2018";"RJ";"RJ";"RIO DE JANEIRO";"6";"DEPUTADO FEDERAL";"PARTIDO ISOLADO";"10";"PRB";"PARTIDO REPUBLICANO BRASILEIRO";"190000050720";"#NULO#";"PRB";"D";"DEFERIDO"
"30/01/2022";"10:01:52";"2018";"2";"ELEIÇÃO ORDINÁRIA";"1";"297";"Eleições Gerais Estaduais 2018";"07/10/2018";"RJ";"RJ";"RIO DE JANEIRO";"4";"VICE-GOVERNADOR";"COLIGACAO";"36";"PTC";"PARTIDO TRABALHISTA CRISTÃO";"190000050571";"Para o Povo Voltar a Ser Feliz";"PRP / PRB / PTC / PATRIOTA";"D";"DEFERIDO"
"30/01/2022";"10:01:52";"2018";"2";"ELEIÇÃO ORDINÁRIA";"1";"297";"Eleições Gerais Estaduais 2018";"07/10/2018";"RJ";"RJ";"RIO DE JANEIRO";"9";"1º SUPLENTE";"COLIGACAO";"45";"PSDB";"PARTIDO DA SOCIAL DEMOCRACIA BRASILEIRA";"190000050262";"FORÇA DO RIO";"DEM / PP / MDB / PTB / SOLIDARIEDADE / PSDB / PPS / PV / DC / PHS / AVANTE / PMN";"D";"DEFERIDO"
"30/01/2022";"10:01:52";"2018";"2";"ELEIÇÃO ORDINÁRIA";"1";"297";"Eleições Gerais Estaduais 2018";"07/10/2018";"RJ";"RJ";"RIO DE JANEIRO";"3";"GOVERNADOR";"PARTIDO ISOLADO";"16";"PSTU";"PARTIDO SOCIALISTA DOS TRABALHADORES UNIFICADO";"190000050207";"#NULO#";"PSTU";"D";"DEFERIDO"
"30/01/2022";"10:01:52";"2018";"2";"ELEIÇÃO ORDINÁRIA";"1";"297";"Eleições Gerais Estaduais 2018";"07/10/2018";"RJ";"RJ";"RIO DE JANEIRO";"10";"2º SUPLENTE";"COLIGACAO";"23";"PPS";"PARTIDO POPULAR SOCIALISTA";"190000050262";"FORÇA DO RIO";"DEM / PP / MDB / PTB / SOLIDARIEDADE / PSDB / PPS / PV / DC / PHS / AVANTE / PMN";"D";"DEFERIDO"
"30/01/2022";"10:01:52";"2018";"2";"ELEIÇÃO ORDINÁRIA";"1";"297";"Eleições Gerais Estaduais 2018";"07/10/2018";"RJ";"RJ";"RIO DE JANEIRO";"4";"VICE-GOVERNADOR";"COLIGACAO";"44";"PRP";"PARTIDO REPUBLICANO PROGRESSISTA";"190000050571";"Para o Povo Voltar a Ser Feliz";"PRP / PRB / PTC / PATRIOTA";"D";"DEFERIDO"
"30/01/2022";"10:01:52";"2018";"2";"ELEIÇÃO ORDINÁRIA";"1";"297";"Eleições Gerais Estaduais 2018";"07/10/2018";"RJ";"RJ";"RIO DE JANEIRO";"3";"GOVERNADOR";"COLIGACAO";"23";"PPS";"PARTIDO POPULAR SOCIALISTA";"190000050262";"FORÇA DO RIO";"DEM / PP / MDB / PTB / SOLIDARIEDADE / PSDB / PPS / PV / DC / PHS / AVANTE / PMN";"D";"DEFERIDO"
"30/01/2022";"10:01:52";"2018";"2";"ELEIÇÃO ORDINÁRIA";"1";"297";"Eleições Gerais Estaduais 2018";"07/10/2018";"RJ";"RJ";"RIO DE JANEIRO";"3";"GOVERNADOR";"COLIGACAO";"20";"PSC";"PARTIDO SOCIAL CRISTÃO";"190000050329";"MAIS ORDEM, MAIS PROGRESSO";"PSC / PROS";"D";"DEFERIDO"
"30/01/2022";"10:01:52";"2018";"2";"ELEIÇÃO ORDINÁRIA";"1";"297";"Eleições Gerais Estaduais 2018";"07/10/2018";"RJ";"RJ";"RIO DE JANEIRO";"5";"SENADOR";"COLIGACAO";"22";"PR";"PARTIDO DA REPÚBLICA";"190000050290";"A FORÇA QUE VEM DO POVO";"PODE / PR / REDE / PPL";"D";"DEFERIDO"
"30/01/2022";"10:01:52";"2018";"2";"ELEIÇÃO ORDINÁRIA";"1";"297";"Eleições Gerais Estaduais 2018";"07/10/2018";"RJ";"RJ";"RIO DE JANEIRO";"7";"DEPUTADO ESTADUAL";"COLIGACAO";"77";"SOLIDARIEDADE";"SOLIDARIEDADE";"190000050092";"TRABALHAR PARA MUDAR";"SOLIDARIEDADE / PTB";"D";"DEFERIDO"
"30/01/2022";"10:01:52";"2018";"2";"ELEIÇÃO ORDINÁRIA";"1";"297";"Eleições Gerais Estaduais 2018";"07/10/2018";"RJ";"RJ";"RIO DE JANEIRO";"6";"DEPUTADO FEDERAL";"COLIGACAO";"19";"PODE";"PODEMOS";"190000050120";"JUNTOS PELO RIO";"PODE / PR";"D";"DEFERIDO"
"30/01/2022";"10:01:52";"2018";"2";"ELEIÇÃO ORDINÁRIA";"1";"297";"Eleições Gerais Estaduais 2018";"07/10/2018";"RJ";"RJ";"RIO DE JANEIRO";"4";"VICE-GOVERNADOR";"COLIGACAO";"51";"PATRIOTA";"PATRIOTA";"190000050571";"Para o Povo Voltar a Ser Feliz";"PRP / PRB / PTC / PATRIOTA";"D";"DEFERIDO"
"30/01/2022";"10:01:52";"2018";"2";"ELEIÇÃO ORDINÁRIA";"1";"297";"Eleições Gerais Estaduais 2018";"07/10/2018";"RJ";"RJ";"RIO DE JANEIRO";"3";"GOVERNADOR";"COLIGACAO";"43";"PV";"PARTIDO VERDE";"190000050262";"FORÇA DO RIO";"DEM / PP / MDB / PTB / SOLIDARIEDADE / PSDB / PPS / PV / DC / PHS / AVANTE / PMN";"D";"DEFERIDO"
"30/01/2022";"10:01:52";"2018";"2";"ELEIÇÃO ORDINÁRIA";"1";"297";"Eleições Gerais Estaduais 2018";"07/10/2018";"RJ";"RJ";"RIO DE JANEIRO";"10";"2º SUPLENTE";"PARTIDO ISOLADO";"55";"PSD";"PARTIDO SOCIAL DEMOCRÁTICO";"190000050208";"#NULO#";"PSD";"D";"DEFERIDO"
"30/01/2022";"10:01:52";"2018";"2";"ELEIÇÃO ORDINÁRIA";"1";"297";"Eleições Gerais Estaduais 2018";"07/10/2018";"RJ";"RJ";"RIO DE JANEIRO";"4";"VICE-GOVERNADOR";"COLIGACAO";"11";"PP";"PROGRESSISTAS";"190000050262";"FORÇA DO RIO";"DEM / PP / MDB / PTB / SOLIDARIEDADE / PSDB / PPS / PV / DC / PHS / AVANTE / PMN";"D";"DEFERIDO"
"30/01/2022";"10:01:52";"2018";"2";"ELEIÇÃO ORDINÁRIA";"1";"297";"Eleições Gerais Estaduais 2018";"07/10/2018";"RJ";"RJ";"RIO DE JANEIRO";"5";"SENADOR";"COLIGACAO";"11";"PP";"PROGRESSISTAS";"190000050262";"FORÇA DO RIO";"DEM / PP / MDB / PTB / SOLIDARIEDADE / PSDB / PPS / PV / DC / PHS / AVANTE / PMN";"D";"DEFERIDO"
"30/01/2022";"10:01:52";"2018";"2";"ELEIÇÃO ORDINÁRIA";"1";"297";"Eleições Gerais Estaduais 2018";"07/10/2018";"RJ";"RJ";"RIO DE JANEIRO";"9";"1º SUPLENTE";"COLIGACAO";"14";"PTB";"PARTIDO TRABALHISTA BRASILEIRO";"190000050262";"FORÇA DO RIO";"DEM / PP / MDB / PTB / SOLIDARIEDADE / PSDB / PPS / PV / DC / PHS / AVANTE / PMN";"D";"DEFERIDO"
"30/01/2022";"10:01:52";"2018";"2";"ELEIÇÃO ORDINÁRIA";"1";"297";"Eleições Gerais Estaduais 2018";"07/10/2018";"RJ";"RJ";"RIO DE JANEIRO";"10";"2º SUPLENTE";"COLIGACAO";"33";"PMN";"PARTIDO DA MOBILIZAÇÃO NACIONAL";"190000050262";"FORÇA DO RIO";"DEM / PP / MDB / PTB / SOLIDARIEDADE / PSDB / PPS / PV / DC / PHS / AVANTE / PMN";"D";"DEFERIDO"
"30/01/2022";"10:01:52";"2018";"2";"ELEIÇÃO ORDINÁRIA";"1";"297";"Eleições Gerais Estaduais 2018";"07/10/2018";"RJ";"RJ";"RIO DE JANEIRO";"10";"2º SUPLENTE";"PARTIDO ISOLADO";"17";"PSL";"PARTIDO SOCIAL LIBERAL";"190000050390";"#NULO#";"PSL";"D";"DEFERIDO"
"30/01/2022";"10:01:52";"2018";"2";"ELEIÇÃO ORDINÁRIA";"1";"297";"Eleições Gerais Estaduais 2018";"07/10/2018";"RJ";"RJ";"RIO DE JANEIRO";"7";"DEPUTADO ESTADUAL";"COLIGACAO";"19";"PODE";"PODEMOS";"190000050547";"O POVO NO PODER";"PODE / PPL";"D";"DEFERIDO"
"30/01/2022";"10:01:52";"2018";"2";"ELEIÇÃO ORDINÁRIA";"1";"297";"Eleições Gerais Estaduais 2018";"07/10/2018";"RJ";"RJ";"RIO DE JANEIRO";"7";"DEPUTADO ESTADUAL";"PARTIDO ISOLADO";"13";"PT";"PARTIDO DOS TRABALHADORES";"190000050300";"#NULO#";"PT";"D";"DEFERIDO"
"30/01/2022";"10:01:52";"2018";"2";"ELEIÇÃO ORDINÁRIA";"1";"297";"Eleições Gerais Estaduais 2018";"07/10/2018";"RJ";"RJ";"RIO DE JANEIRO";"9";"1º SUPLENTE";"PARTIDO ISOLADO";"16";"PSTU";"PARTIDO SOCIALISTA DOS TRABALHADORES UNIFICADO";"190000050207";"#NULO#";"PSTU";"D";"DEFERIDO"
"30/01/2022";"10:01:52";"2018";"2";"ELEIÇÃO ORDINÁRIA";"1";"297";"Eleições Gerais Estaduais 2018";"07/10/2018";"RJ";"RJ";"RIO DE JANEIRO";"10";"2º SUPLENTE";"COLIGACAO";"15";"MDB";"MOVIMENTO DEMOCRÁTICO BRASILEIRO";"190000050262";"FORÇA DO RIO";"DEM / PP / MDB / PTB / SOLIDARIEDADE / PSDB / PPS / PV / DC / PHS / AVANTE / PMN";"D";"DEFERIDO"
"30/01/2022";"10:01:52";"2018";"2";"ELEIÇÃO ORDINÁRIA";"1";"297";"Eleições Gerais Estaduais 2018";"07/10/2018";"RJ";"RJ";"RIO DE JANEIRO";"6";"DEPUTADO FEDERAL";"PARTIDO ISOLADO";"16";"PSTU";"PARTIDO SOCIALISTA DOS TRABALHADORES UNIFICADO";"190000050207";"#NULO#";"PSTU";"D";"DEFERIDO"
"30/01/2022";"10:01:52";"2018";"2";"ELEIÇÃO ORDINÁRIA";"1";"297";"Eleições Gerais Estaduais 2018";"07/10/2018";"RJ";"RJ";"RIO DE JANEIRO";"6";"DEPUTADO FEDERAL";"COLIGACAO";"50";"PSOL";"PARTIDO SOCIALISMO E LIBERDADE";"190000050058";"MUDAR É POSSÍVEL";"PSOL / PCB";"D";"DEFERIDO"
"30/01/2022";"10:01:52";"2018";"2";"ELEIÇÃO ORDINÁRIA";"1";"297";"Eleições Gerais Estaduais 2018";"07/10/2018";"RJ";"RJ";"RIO DE JANEIRO";"3";"GOVERNADOR";"COLIGACAO";"11";"PP";"PROGRESSISTAS";"190000050262";"FORÇA DO RIO";"DEM / PP / MDB / PTB / SOLIDARIEDADE / PSDB / PPS / PV / DC / PHS / AVANTE / PMN";"D";"DEFERIDO"
"30/01/2022";"10:01:52";"2018";"2";"ELEIÇÃO ORDINÁRIA";"1";"297";"Eleições Gerais Estaduais 2018";"07/10/2018";"RJ";"RJ";"RIO DE JANEIRO";"5";"SENADOR";"COLIGACAO";"31";"PHS";"PARTIDO HUMANISTA DA SOLIDARIEDADE";"190000050262";"FORÇA DO RIO";"DEM / PP / MDB / PTB / SOLIDARIEDADE / PSDB / PPS / PV / DC / PHS / AVANTE / PMN";"D";"DEFERIDO"
"30/01/2022";"10:01:52";"2018";"2";"ELEIÇÃO ORDINÁRIA";"1";"297";"Eleições Gerais Estaduais 2018";"07/10/2018";"RJ";"RJ";"RIO DE JANEIRO";"3";"GOVERNADOR";"COLIGACAO";"13";"PT";"PARTIDO DOS TRABALHADORES";"190000050362";"FRENTE POPULAR";"PT / PC do B";"D";"DEFERIDO"
"30/01/2022";"10:01:52";"2018";"2";"ELEIÇÃO ORDINÁRIA";"1";"297";"Eleições Gerais Estaduais 2018";"07/10/2018";"RJ";"RJ";"RIO DE JANEIRO";"7";"DEPUTADO ESTADUAL";"PARTIDO ISOLADO";"18";"REDE";"REDE SUSTENTABILIDADE";"190000050621";"#NULO#";"REDE";"D";"DEFERIDO"
"30/01/2022";"10:01:52";"2018";"2";"ELEIÇÃO ORDINÁRIA";"1";"297";"Eleições Gerais Estaduais 2018";"07/10/2018";"RJ";"RJ";"RIO DE JANEIRO";"6";"DEPUTADO FEDERAL";"PARTIDO ISOLADO";"36";"PTC";"PARTIDO TRABALHISTA CRISTÃO";"190000050469";"#NULO#";"PTC";"D";"DEFERIDO"
"30/01/2022";"10:01:52";"2018";"2";"ELEIÇÃO ORDINÁRIA";"1";"297";"Eleições Gerais Estaduais 2018";"07/10/2018";"RJ";"RJ";"RIO DE JANEIRO";"4";"VICE-GOVERNADOR";"COLIGACAO";"21";"PCB";"PARTIDO COMUNISTA BRASILEIRO";"190000050058";"MUDAR É POSSÍVEL";"PSOL / PCB";"D";"DEFERIDO"
"30/01/2022";"10:01:52";"2018";"2";"ELEIÇÃO ORDINÁRIA";"1";"297";"Eleições Gerais Estaduais 2018";"07/10/2018";"RJ";"RJ";"RIO DE JANEIRO";"4";"VICE-GOVERNADOR";"PARTIDO ISOLADO";"16";"PSTU";"PARTIDO SOCIALISTA DOS TRABALHADORES UNIFICADO";"190000050207";"#NULO#";"PSTU";"D";"DEFERIDO"
"30/01/2022";"10:01:52";"2018";"2";"ELEIÇÃO ORDINÁRIA";"1";"297";"Eleições Gerais Estaduais 2018";"07/10/2018";"RJ";"RJ";"RIO DE JANEIRO";"6";"DEPUTADO FEDERAL";"COLIGACAO";"14";"PTB";"PARTIDO TRABALHISTA BRASILEIRO";"190000050195";"O RIO QUER PAZ";"DEM / MDB / PP / PTB";"D";"DEFERIDO"
"30/01/2022";"10:01:52";"2018";"2";"ELEIÇÃO ORDINÁRIA";"1";"297";"Eleições Gerais Estaduais 2018";"07/10/2018";"RJ";"RJ";"RIO DE JANEIRO";"5";"SENADOR";"COLIGACAO";"10";"PRB";"PARTIDO REPUBLICANO BRASILEIRO";"190000050571";"Para o Povo Voltar a Ser Feliz";"PRP / PRB / PTC / PATRIOTA";"D";"DEFERIDO"
"30/01/2022";"10:01:52";"2018";"2";"ELEIÇÃO ORDINÁRIA";"1";"297";"Eleições Gerais Estaduais 2018";"07/10/2018";"RJ";"RJ";"RIO DE JANEIRO";"9";"1º SUPLENTE";"COLIGACAO";"11";"PP";"PROGRESSISTAS";"190000050262";"FORÇA DO RIO";"DEM / PP / MDB / PTB / SOLIDARIEDADE / PSDB / PPS / PV / DC / PHS / AVANTE / PMN";"D";"DEFERIDO"
"30/01/2022";"10:01:52";"2018";"2";"ELEIÇÃO ORDINÁRIA";"1";"297";"Eleições Gerais Estaduais 2018";"07/10/2018";"RJ";"RJ";"RIO DE JANEIRO";"4";"VICE-GOVERNADOR";"COLIGACAO";"54";"PPL";"PARTIDO PÁTRIA LIVRE";"190000050290";"A FORÇA QUE VEM DO POVO";"PODE / PR / REDE / PPL";"D";"DEFERIDO"
"30/01/2022";"10:01:52";"2018";"2";"ELEIÇÃO ORDINÁRIA";"1";"297";"Eleições Gerais Estaduais 2018";"07/10/2018";"RJ";"RJ";"RIO DE JANEIRO";"9";"1º SUPLENTE";"COLIGACAO";"43";"PV";"PARTIDO VERDE";"190000050262";"FORÇA DO RIO";"DEM / PP / MDB / PTB / SOLIDARIEDADE / PSDB / PPS / PV / DC / PHS / AVANTE / PMN";"D";"DEFERIDO"
"30/01/2022";"10:01:52";"2018";"2";"ELEIÇÃO ORDINÁRIA";"1";"297";"Eleições Gerais Estaduais 2018";"07/10/2018";"RJ";"RJ";"RIO DE JANEIRO";"6";"DEPUTADO FEDERAL";"COLIGACAO";"27";"DC";"DEMOCRACIA CRISTÃ";"190000050675";"Rio Sustentável";"PV / DC";"D";"DEFERIDO"
"30/01/2022";"10:01:52";"2018";"2";"ELEIÇÃO ORDINÁRIA";"1";"297";"Eleições Gerais Estaduais 2018";"07/10/2018";"RJ";"RJ";"RIO DE JANEIRO";"3";"GOVERNADOR";"COLIGACAO";"54";"PPL";"PARTIDO PÁTRIA LIVRE";"190000050290";"A FORÇA QUE VEM DO POVO";"PODE / PR / REDE / PPL";"D";"DEFERIDO"
"30/01/2022";"10:01:52";"2018";"2";"ELEIÇÃO ORDINÁRIA";"1";"297";"Eleições Gerais Estaduais 2018";"07/10/2018";"RJ";"RJ";"RIO DE JANEIRO";"10";"2º SUPLENTE";"COLIGACAO";"44";"PRP";"PARTIDO REPUBLICANO PROGRESSISTA";"190000050571";"Para o Povo Voltar a Ser Feliz";"PRP / PRB / PTC / PATRIOTA";"D";"DEFERIDO"
"30/01/2022";"10:01:52";"2018";"2";"ELEIÇÃO ORDINÁRIA";"1";"297";"Eleições Gerais Estaduais 2018";"07/10/2018";"RJ";"RJ";"RIO DE JANEIRO";"3";"GOVERNADOR";"COLIGACAO";"31";"PHS";"PARTIDO HUMANISTA DA SOLIDARIEDADE";"190000050262";"FORÇA DO RIO";"DEM / PP / MDB / PTB / SOLIDARIEDADE / PSDB / PPS / PV / DC / PHS / AVANTE / PMN";"D";"DEFERIDO"
"30/01/2022";"10:01:52";"2018";"2";"ELEIÇÃO ORDINÁRIA";"1";"297";"Eleições Gerais Estaduais 2018";"07/10/2018";"RJ";"RJ";"RIO DE JANEIRO";"4";"VICE-GOVERNADOR";"COLIGACAO";"15";"MDB";"MOVIMENTO DEMOCRÁTICO BRASILEIRO";"190000050262";"FORÇA DO RIO";"DEM / PP / MDB / PTB / SOLIDARIEDADE / PSDB / PPS / PV / DC / PHS / AVANTE / PMN";"D";"DEFERIDO"
"30/01/2022";"10:01:52";"2018";"2";"ELEIÇÃO ORDINÁRIA";"1";"297";"Eleições Gerais Estaduais 2018";"07/10/2018";"RJ";"RJ";"RIO DE JANEIRO";"10";"2º SUPLENTE";"COLIGACAO";"77";"SOLIDARIEDADE";"SOLIDARIEDADE";"190000050262";"FORÇA DO RIO";"DEM / PP / MDB / PTB / SOLIDARIEDADE / PSDB / PPS / PV / DC / PHS / AVANTE / PMN";"D";"DEFERIDO"
"30/01/2022";"10:01:52";"2018";"2";"ELEIÇÃO ORDINÁRIA";"1";"297";"Eleições Gerais Estaduais 2018";"07/10/2018";"RJ";"RJ";"RIO DE JANEIRO";"5";"SENADOR";"PARTIDO ISOLADO";"16";"PSTU";"PARTIDO SOCIALISTA DOS TRABALHADORES UNIFICADO";"190000050207";"#NULO#";"PSTU";"D";"DEFERIDO"
"30/01/2022";"10:01:52";"2018";"2";"ELEIÇÃO ORDINÁRIA";"1";"297";"Eleições Gerais Estaduais 2018";"07/10/2018";"RJ";"RJ";"RIO DE JANEIRO";"9";"1º SUPLENTE";"COLIGACAO";"25";"DEM";"DEMOCRATAS";"190000050262";"FORÇA DO RIO";"DEM / PP / MDB / PTB / SOLIDARIEDADE / PSDB / PPS / PV / DC / PHS / AVANTE / PMN";"D";"DEFERIDO"
"30/01/2022";"10:01:52";"2018";"2";"ELEIÇÃO ORDINÁRIA";"1";"297";"Eleições Gerais Estaduais 2018";"07/10/2018";"RJ";"RJ";"RIO DE JANEIRO";"9";"1º SUPLENTE";"PARTIDO ISOLADO";"55";"PSD";"PARTIDO SOCIAL DEMOCRÁTICO";"190000050208";"#NULO#";"PSD";"D";"DEFERIDO"
"30/01/2022";"10:01:52";"2018";"2";"ELEIÇÃO ORDINÁRIA";"1";"297";"Eleições Gerais Estaduais 2018";"07/10/2018";"RJ";"RJ";"RIO DE JANEIRO";"6";"DEPUTADO FEDERAL";"PARTIDO ISOLADO";"55";"PSD";"PARTIDO SOCIAL DEMOCRÁTICO";"190000050208";"#NULO#";"PSD";"D";"DEFERIDO"
"30/01/2022";"10:01:52";"2018";"2";"ELEIÇÃO ORDINÁRIA";"1";"297";"Eleições Gerais Estaduais 2018";"07/10/2018";"RJ";"RJ";"RIO DE JANEIRO";"3";"GOVERNADOR";"PARTIDO ISOLADO";"28";"PRTB";"PARTIDO RENOVADOR TRABALHISTA BRASILEIRO";"190000050716";"#NULO#";"PRTB";"D";"DEFERIDO"
"30/01/2022";"10:01:52";"2018";"2";"ELEIÇÃO ORDINÁRIA";"1";"297";"Eleições Gerais Estaduais 2018";"07/10/2018";"RJ";"RJ";"RIO DE JANEIRO";"5";"SENADOR";"COLIGACAO";"70";"AVANTE";"AVANTE";"190000050262";"FORÇA DO RIO";"DEM / PP / MDB / PTB / SOLIDARIEDADE / PSDB / PPS / PV / DC / PHS / AVANTE / PMN";"D";"DEFERIDO"
"30/01/2022";"10:01:52";"2018";"2";"ELEIÇÃO ORDINÁRIA";"1";"297";"Eleições Gerais Estaduais 2018";"07/10/2018";"RJ";"RJ";"RIO DE JANEIRO";"7";"DEPUTADO ESTADUAL";"PARTIDO ISOLADO";"55";"PSD";"PARTIDO SOCIAL DEMOCRÁTICO";"190000050038";"#NULO#";"PSD";"IN";"INDEFERIDO"
"30/01/2022";"10:01:52";"2018";"2";"ELEIÇÃO ORDINÁRIA";"1";"297";"Eleições Gerais Estaduais 2018";"07/10/2018";"RJ";"RJ";"RIO DE JANEIRO";"9";"1º SUPLENTE";"COLIGACAO";"23";"PPS";"PARTIDO POPULAR SOCIALISTA";"190000050262";"FORÇA DO RIO";"DEM / PP / MDB / PTB / SOLIDARIEDADE / PSDB / PPS / PV / DC / PHS / AVANTE / PMN";"D";"DEFERIDO"
"30/01/2022";"10:01:52";"2018";"2";"ELEIÇÃO ORDINÁRIA";"1";"297";"Eleições Gerais Estaduais 2018";"07/10/2018";"RJ";"RJ";"RIO DE JANEIRO";"3";"GOVERNADOR";"PARTIDO ISOLADO";"30";"NOVO";"PARTIDO NOVO";"190000050062";"#NULO#";"NOVO";"D";"DEFERIDO"
"30/01/2022";"10:01:52";"2018";"2";"ELEIÇÃO ORDINÁRIA";"1";"297";"Eleições Gerais Estaduais 2018";"07/10/2018";"RJ";"RJ";"RIO DE JANEIRO";"10";"2º SUPLENTE";"COLIGACAO";"12";"PDT";"PARTIDO DEMOCRÁTICO TRABALHISTA";"190000050414";"RENOVAR PARA MUDAR";"PDT / PSB";"D";"DEFERIDO"
"30/01/2022";"10:01:52";"2018";"2";"ELEIÇÃO ORDINÁRIA";"1";"297";"Eleições Gerais Estaduais 2018";"07/10/2018";"RJ";"RJ";"RIO DE JANEIRO";"10";"2º SUPLENTE";"COLIGACAO";"31";"PHS";"PARTIDO HUMANISTA DA SOLIDARIEDADE";"190000050262";"FORÇA DO RIO";"DEM / PP / MDB / PTB / SOLIDARIEDADE / PSDB / PPS / PV / DC / PHS / AVANTE / PMN";"D";"DEFERIDO"
"30/01/2022";"10:01:52";"2018";"2";"ELEIÇÃO ORDINÁRIA";"1";"297";"Eleições Gerais Estaduais 2018";"07/10/2018";"RJ";"RJ";"RIO DE JANEIRO";"5";"SENADOR";"COLIGACAO";"40";"PSB";"PARTIDO SOCIALISTA BRASILEIRO";"190000050414";"RENOVAR PARA MUDAR";"PDT / PSB";"D";"DEFERIDO"
"30/01/2022";"10:01:52";"2018";"2";"ELEIÇÃO ORDINÁRIA";"1";"297";"Eleições Gerais Estaduais 2018";"07/10/2018";"RJ";"RJ";"RIO DE JANEIRO";"7";"DEPUTADO ESTADUAL";"COLIGACAO";"54";"PPL";"PARTIDO PÁTRIA LIVRE";"190000050547";"O POVO NO PODER";"PODE / PPL";"D";"DEFERIDO"
"30/01/2022";"10:01:52";"2018";"2";"ELEIÇÃO ORDINÁRIA";"1";"297";"Eleições Gerais Estaduais 2018";"07/10/2018";"RJ";"RJ";"RIO DE JANEIRO";"10";"2º SUPLENTE";"COLIGACAO";"45";"PSDB";"PARTIDO DA SOCIAL DEMOCRACIA BRASILEIRA";"190000050262";"FORÇA DO RIO";"DEM / PP / MDB / PTB / SOLIDARIEDADE / PSDB / PPS / PV / DC / PHS / AVANTE / PMN";"D";"DEFERIDO"
"30/01/2022";"10:01:52";"2018";"2";"ELEIÇÃO ORDINÁRIA";"1";"297";"Eleições Gerais Estaduais 2018";"07/10/2018";"RJ";"RJ";"RIO DE JANEIRO";"10";"2º SUPLENTE";"COLIGACAO";"36";"PTC";"PARTIDO TRABALHISTA CRISTÃO";"190000050571";"Para o Povo Voltar a Ser Feliz";"PRP / PRB / PTC / PATRIOTA";"D";"DEFERIDO"
"30/01/2022";"10:01:52";"2018";"2";"ELEIÇÃO ORDINÁRIA";"1";"297";"Eleições Gerais Estaduais 2018";"07/10/2018";"RJ";"RJ";"RIO DE JANEIRO";"3";"GOVERNADOR";"COLIGACAO";"77";"SOLIDARIEDADE";"SOLIDARIEDADE";"190000050262";"FORÇA DO RIO";"DEM / PP / MDB / PTB / SOLIDARIEDADE / PSDB / PPS / PV / DC / PHS / AVANTE / PMN";"D";"DEFERIDO"
"30/01/2022";"10:01:52";"2018";"2";"ELEIÇÃO ORDINÁRIA";"1";"297";"Eleições Gerais Estaduais 2018";"07/10/2018";"RJ";"RJ";"RIO DE JANEIRO";"9";"1º SUPLENTE";"COLIGACAO";"54";"PPL";"PARTIDO PÁTRIA LIVRE";"190000050290";"A FORÇA QUE VEM DO POVO";"PODE / PR / REDE / PPL";"D";"DEFERIDO"
"30/01/2022";"10:01:52";"2018";"2";"ELEIÇÃO ORDINÁRIA";"1";"297";"Eleições Gerais Estaduais 2018";"07/10/2018";"RJ";"RJ";"RIO DE JANEIRO";"10";"2º SUPLENTE";"COLIGACAO";"25";"DEM";"DEMOCRATAS";"190000050262";"FORÇA DO RIO";"DEM / PP / MDB / PTB / SOLIDARIEDADE / PSDB / PPS / PV / DC / PHS / AVANTE / PMN";"D";"DEFERIDO"
"30/01/2022";"10:01:52";"2018";"2";"ELEIÇÃO ORDINÁRIA";"1";"297";"Eleições Gerais Estaduais 2018";"07/10/2018";"RJ";"RJ";"RIO DE JANEIRO";"6";"DEPUTADO FEDERAL";"PARTIDO ISOLADO";"55";"PSD";"PARTIDO SOCIAL DEMOCRÁTICO";"190000050038";"#NULO#";"PSD";"IN";"INDEFERIDO"
"30/01/2022";"10:01:52";"2018";"2";"ELEIÇÃO ORDINÁRIA";"1";"297";"Eleições Gerais Estaduais 2018";"07/10/2018";"RJ";"RJ";"RIO DE JANEIRO";"5";"SENADOR";"COLIGACAO";"18";"REDE";"REDE SUSTENTABILIDADE";"190000050290";"A FORÇA QUE VEM DO POVO";"PODE / PR / REDE / PPL";"D";"DEFERIDO"
"30/01/2022";"10:01:52";"2018";"2";"ELEIÇÃO ORDINÁRIA";"1";"297";"Eleições Gerais Estaduais 2018";"07/10/2018";"RJ";"RJ";"RIO DE JANEIRO";"4";"VICE-GOVERNADOR";"COLIGACAO";"33";"PMN";"PARTIDO DA MOBILIZAÇÃO NACIONAL";"190000050262";"FORÇA DO RIO";"DEM / PP / MDB / PTB / SOLIDARIEDADE / PSDB / PPS / PV / DC / PHS / AVANTE / PMN";"D";"DEFERIDO"
"30/01/2022";"10:01:52";"2018";"2";"ELEIÇÃO ORDINÁRIA";"1";"297";"Eleições Gerais Estaduais 2018";"07/10/2018";"RJ";"RJ";"RIO DE JANEIRO";"5";"SENADOR";"COLIGACAO";"27";"DC";"DEMOCRACIA CRISTÃ";"190000050262";"FORÇA DO RIO";"DEM / PP / MDB / PTB / SOLIDARIEDADE / PSDB / PPS / PV / DC / PHS / AVANTE / PMN";"D";"DEFERIDO"
"30/01/2022";"10:01:52";"2018";"2";"ELEIÇÃO ORDINÁRIA";"1";"297";"Eleições Gerais Estaduais 2018";"07/10/2018";"RJ";"RJ";"RIO DE JANEIRO";"7";"DEPUTADO ESTADUAL";"PARTIDO ISOLADO";"51";"PATRIOTA";"PATRIOTA";"190000050610";"#NULO#";"PATRIOTA";"D";"DEFERIDO"
"30/01/2022";"10:01:52";"2018";"2";"ELEIÇÃO ORDINÁRIA";"1";"297";"Eleições Gerais Estaduais 2018";"07/10/2018";"RJ";"RJ";"RIO DE JANEIRO";"5";"SENADOR";"PARTIDO ISOLADO";"35";"PMB";"PARTIDO DA MULHER BRASILEIRA";"190000050392";"#NULO#";"PMB";"D";"DEFERIDO"
"30/01/2022";"10:01:52";"2018";"2";"ELEIÇÃO ORDINÁRIA";"1";"297";"Eleições Gerais Estaduais 2018";"07/10/2018";"RJ";"RJ";"RIO DE JANEIRO";"3";"GOVERNADOR";"COLIGACAO";"33";"PMN";"PARTIDO DA MOBILIZAÇÃO NACIONAL";"190000050262";"FORÇA DO RIO";"DEM / PP / MDB / PTB / SOLIDARIEDADE / PSDB / PPS / PV / DC / PHS / AVANTE / PMN";"D";"DEFERIDO"
"30/01/2022";"10:01:52";"2018";"2";"ELEIÇÃO ORDINÁRIA";"1";"297";"Eleições Gerais Estaduais 2018";"07/10/2018";"RJ";"RJ";"RIO DE JANEIRO";"6";"DEPUTADO FEDERAL";"COLIGACAO";"21";"PCB";"PARTIDO COMUNISTA BRASILEIRO";"190000050058";"MUDAR É POSSÍVEL";"PSOL / PCB";"D";"DEFERIDO"
"30/01/2022";"10:01:52";"2018";"2";"ELEIÇÃO ORDINÁRIA";"1";"297";"Eleições Gerais Estaduais 2018";"07/10/2018";"RJ";"RJ";"RIO DE JANEIRO";"3";"GOVERNADOR";"COLIGACAO";"36";"PTC";"PARTIDO TRABALHISTA CRISTÃO";"190000050571";"Para o Povo Voltar a Ser Feliz";"PRP / PRB / PTC / PATRIOTA";"D";"DEFERIDO"
"30/01/2022";"10:01:52";"2018";"2";"ELEIÇÃO ORDINÁRIA";"1";"297";"Eleições Gerais Estaduais 2018";"07/10/2018";"RJ";"RJ";"RIO DE JANEIRO";"5";"SENADOR";"PARTIDO ISOLADO";"29";"PCO";"PARTIDO DA CAUSA OPERÁRIA";"190000050419";"#NULO#";"PCO";"IN";"INDEFERIDO"
"30/01/2022";"10:01:52";"2018";"2";"ELEIÇÃO ORDINÁRIA";"1";"297";"Eleições Gerais Estaduais 2018";"07/10/2018";"RJ";"RJ";"RIO DE JANEIRO";"7";"DEPUTADO ESTADUAL";"PARTIDO ISOLADO";"15";"MDB";"MOVIMENTO DEMOCRÁTICO BRASILEIRO";"190000050476";"#NULO#";"MDB";"D";"DEFERIDO"
"30/01/2022";"10:01:52";"2018";"2";"ELEIÇÃO ORDINÁRIA";"1";"297";"Eleições Gerais Estaduais 2018";"07/10/2018";"RJ";"RJ";"RIO DE JANEIRO";"5";"SENADOR";"COLIGACAO";"14";"PTB";"PARTIDO TRABALHISTA BRASILEIRO";"190000050262";"FORÇA DO RIO";"DEM / PP / MDB / PTB / SOLIDARIEDADE / PSDB / PPS / PV / DC / PHS / AVANTE / PMN";"D";"DEFERIDO"
"30/01/2022";"10:01:52";"2018";"2";"ELEIÇÃO ORDINÁRIA";"1";"297";"Eleições Gerais Estaduais 2018";"07/10/2018";"RJ";"RJ";"RIO DE JANEIRO";"10";"2º SUPLENTE";"COLIGACAO";"19";"PODE";"PODEMOS";"190000050290";"A FORÇA QUE VEM DO POVO";"PODE / PR / REDE / PPL";"D";"DEFERIDO"
"30/01/2022";"10:01:52";"2018";"2";"ELEIÇÃO ORDINÁRIA";"1";"297";"Eleições Gerais Estaduais 2018";"07/10/2018";"RJ";"RJ";"RIO DE JANEIRO";"6";"DEPUTADO FEDERAL";"COLIGACAO";"12";"PDT";"PARTIDO DEMOCRÁTICO TRABALHISTA";"190000050414";"RENOVAR PARA MUDAR";"PDT / PSB";"D";"DEFERIDO"
"30/01/2022";"10:01:52";"2018";"2";"ELEIÇÃO ORDINÁRIA";"1";"297";"Eleições Gerais Estaduais 2018";"07/10/2018";"RJ";"RJ";"RIO DE JANEIRO";"4";"VICE-GOVERNADOR";"COLIGACAO";"27";"DC";"DEMOCRACIA CRISTÃ";"190000050262";"FORÇA DO RIO";"DEM / PP / MDB / PTB / SOLIDARIEDADE / PSDB / PPS / PV / DC / PHS / AVANTE / PMN";"D";"DEFERIDO"
"30/01/2022";"10:01:52";"2018";"2";"ELEIÇÃO ORDINÁRIA";"1";"297";"Eleições Gerais Estaduais 2018";"07/10/2018";"RJ";"RJ";"RIO DE JANEIRO";"5";"SENADOR";"COLIGACAO";"33";"PMN";"PARTIDO DA MOBILIZAÇÃO NACIONAL";"190000050262";"FORÇA DO RIO";"DEM / PP / MDB / PTB / SOLIDARIEDADE / PSDB / PPS / PV / DC / PHS / AVANTE / PMN";"D";"DEFERIDO"
"30/01/2022";"10:01:52";"2018";"2";"ELEIÇÃO ORDINÁRIA";"1";"297";"Eleições Gerais Estaduais 2018";"07/10/2018";"RJ";"RJ";"RIO DE JANEIRO";"4";"VICE-GOVERNADOR";"PARTIDO ISOLADO";"30";"NOVO";"PARTIDO NOVO";"190000050062";"#NULO#";"NOVO";"D";"DEFERIDO"
"30/01/2022";"10:01:52";"2018";"2";"ELEIÇÃO ORDINÁRIA";"1";"297";"Eleições Gerais Estaduais 2018";"07/10/2018";"RJ";"RJ";"RIO DE JANEIRO";"10";"2º SUPLENTE";"COLIGACAO";"21";"PCB";"PARTIDO COMUNISTA BRASILEIRO";"190000050058";"MUDAR É POSSÍVEL";"PSOL / PCB";"D";"DEFERIDO"
"30/01/2022";"10:01:52";"2018";"2";"ELEIÇÃO ORDINÁRIA";"1";"297";"Eleições Gerais Estaduais 2018";"07/10/2018";"RJ";"RJ";"RIO DE JANEIRO";"10";"2º SUPLENTE";"COLIGACAO";"43";"PV";"PARTIDO VERDE";"190000050262";"FORÇA DO RIO";"DEM / PP / MDB / PTB / SOLIDARIEDADE / PSDB / PPS / PV / DC / PHS / AVANTE / PMN";"D";"DEFERIDO"
"30/01/2022";"10:01:52";"2018";"2";"ELEIÇÃO ORDINÁRIA";"1";"297";"Eleições Gerais Estaduais 2018";"07/10/2018";"RJ";"RJ";"RIO DE JANEIRO";"6";"DEPUTADO FEDERAL";"COLIGACAO";"65";"PC do B";"PARTIDO COMUNISTA DO BRASIL";"190000050362";"FRENTE POPULAR";"PT / PC do B";"D";"DEFERIDO"
"30/01/2022";"10:01:52";"2018";"2";"ELEIÇÃO ORDINÁRIA";"1";"297";"Eleições Gerais Estaduais 2018";"07/10/2018";"RJ";"RJ";"RIO DE JANEIRO";"5";"SENADOR";"COLIGACAO";"20";"PSC";"PARTIDO SOCIAL CRISTÃO";"190000050329";"MAIS ORDEM, MAIS PROGRESSO";"PSC / PROS";"D";"DEFERIDO"
"30/01/2022";"10:01:52";"2018";"2";"ELEIÇÃO ORDINÁRIA";"1";"297";"Eleições Gerais Estaduais 2018";"07/10/2018";"RJ";"RJ";"RIO DE JANEIRO";"4";"VICE-GOVERNADOR";"COLIGACAO";"31";"PHS";"PARTIDO HUMANISTA DA SOLIDARIEDADE";"190000050262";"FORÇA DO RIO";"DEM / PP / MDB / PTB / SOLIDARIEDADE / PSDB / PPS / PV / DC / PHS / AVANTE / PMN";"D";"DEFERIDO"
"30/01/2022";"10:01:52";"2018";"2";"ELEIÇÃO ORDINÁRIA";"1";"297";"Eleições Gerais Estaduais 2018";"07/10/2018";"RJ";"RJ";"RIO DE JANEIRO";"9";"1º SUPLENTE";"COLIGACAO";"65";"PC do B";"PARTIDO COMUNISTA DO BRASIL";"190000050362";"FRENTE POPULAR";"PT / PC do B";"D";"DEFERIDO"
"30/01/2022";"10:01:52";"2018";"2";"ELEIÇÃO ORDINÁRIA";"1";"297";"Eleições Gerais Estaduais 2018";"07/10/2018";"RJ";"RJ";"RIO DE JANEIRO";"5";"SENADOR";"COLIGACAO";"12";"PDT";"PARTIDO DEMOCRÁTICO TRABALHISTA";"190000050414";"RENOVAR PARA MUDAR";"PDT / PSB";"D";"DEFERIDO"
"30/01/2022";"10:01:52";"2018";"2";"ELEIÇÃO ORDINÁRIA";"1";"297";"Eleições Gerais Estaduais 2018";"07/10/2018";"RJ";"RJ";"RIO DE JANEIRO";"9";"1º SUPLENTE";"PARTIDO ISOLADO";"28";"PRTB";"PARTIDO RENOVADOR TRABALHISTA BRASILEIRO";"190000050716";"#NULO#";"PRTB";"D";"DEFERIDO"
"30/01/2022";"10:01:52";"2018";"2";"ELEIÇÃO ORDINÁRIA";"1";"297";"Eleições Gerais Estaduais 2018";"07/10/2018";"RJ";"RJ";"RIO DE JANEIRO";"3";"GOVERNADOR";"COLIGACAO";"12";"PDT";"PARTIDO DEMOCRÁTICO TRABALHISTA";"190000050414";"RENOVAR PARA MUDAR";"PDT / PSB";"D";"DEFERIDO"
"30/01/2022";"10:01:52";"2018";"2";"ELEIÇÃO ORDINÁRIA";"1";"297";"Eleições Gerais Estaduais 2018";"07/10/2018";"RJ";"RJ";"RIO DE JANEIRO";"4";"VICE-GOVERNADOR";"COLIGACAO";"19";"PODE";"PODEMOS";"190000050290";"A FORÇA QUE VEM DO POVO";"PODE / PR / REDE / PPL";"D";"DEFERIDO"
"30/01/2022";"10:01:52";"2018";"2";"ELEIÇÃO ORDINÁRIA";"1";"297";"Eleições Gerais Estaduais 2018";"07/10/2018";"RJ";"RJ";"RIO DE JANEIRO";"7";"DEPUTADO ESTADUAL";"PARTIDO ISOLADO";"90";"PROS";"PARTIDO REPUBLICANO DA ORDEM SOCIAL";"190000050308";"#NULO#";"PROS";"D";"DEFERIDO"
"30/01/2022";"10:01:52";"2018";"2";"ELEIÇÃO ORDINÁRIA";"1";"297";"Eleições Gerais Estaduais 2018";"07/10/2018";"RJ";"RJ";"RIO DE JANEIRO";"5";"SENADOR";"COLIGACAO";"51";"PATRIOTA";"PATRIOTA";"190000050571";"Para o Povo Voltar a Ser Feliz";"PRP / PRB / PTC / PATRIOTA";"D";"DEFERIDO"
"30/01/2022";"10:01:52";"2018";"2";"ELEIÇÃO ORDINÁRIA";"1";"297";"Eleições Gerais Estaduais 2018";"07/10/2018";"RJ";"RJ";"RIO DE JANEIRO";"9";"1º SUPLENTE";"COLIGACAO";"12";"PDT";"PARTIDO DEMOCRÁTICO TRABALHISTA";"190000050414";"RENOVAR PARA MUDAR";"PDT / PSB";"D";"DEFERIDO"
"30/01/2022";"10:01:52";"2018";"2";"ELEIÇÃO ORDINÁRIA";"1";"297";"Eleições Gerais Estaduais 2018";"07/10/2018";"RJ";"RJ";"RIO DE JANEIRO";"5";"SENADOR";"COLIGACAO";"90";"PROS";"PARTIDO REPUBLICANO DA ORDEM SOCIAL";"190000050329";"MAIS ORDEM, MAIS PROGRESSO";"PSC / PROS";"D";"DEFERIDO"
"30/01/2022";"10:01:52";"2018";"2";"ELEIÇÃO ORDINÁRIA";"1";"297";"Eleições Gerais Estaduais 2018";"07/10/2018";"RJ";"RJ";"RIO DE JANEIRO";"5";"SENADOR";"COLIGACAO";"54";"PPL";"PARTIDO PÁTRIA LIVRE";"190000050290";"A FORÇA QUE VEM DO POVO";"PODE / PR / REDE / PPL";"D";"DEFERIDO"
"30/01/2022";"10:01:52";"2018";"2";"ELEIÇÃO ORDINÁRIA";"1";"297";"Eleições Gerais Estaduais 2018";"07/10/2018";"RJ";"RJ";"RIO DE JANEIRO";"7";"DEPUTADO ESTADUAL";"COLIGACAO";"27";"DC";"DEMOCRACIA CRISTÃ";"190000050675";"Rio Sustentável";"PV / DC";"D";"DEFERIDO"
"30/01/2022";"10:01:52";"2018";"2";"ELEIÇÃO ORDINÁRIA";"1";"297";"Eleições Gerais Estaduais 2018";"07/10/2018";"RJ";"RJ";"RIO DE JANEIRO";"7";"DEPUTADO ESTADUAL";"COLIGACAO";"14";"PTB";"PARTIDO TRABALHISTA BRASILEIRO";"190000050092";"TRABALHAR PARA MUDAR";"SOLIDARIEDADE / PTB";"D";"DEFERIDO"
"30/01/2022";"10:01:52";"2018";"2";"ELEIÇÃO ORDINÁRIA";"1";"297";"Eleições Gerais Estaduais 2018";"07/10/2018";"RJ";"RJ";"RIO DE JANEIRO";"7";"DEPUTADO ESTADUAL";"PARTIDO ISOLADO";"16";"PSTU";"PARTIDO SOCIALISTA DOS TRABALHADORES UNIFICADO";"190000050207";"#NULO#";"PSTU";"D";"DEFERIDO"
"30/01/2022";"10:01:52";"2018";"2";"ELEIÇÃO ORDINÁRIA";"1";"297";"Eleições Gerais Estaduais 2018";"07/10/2018";"RJ";"RJ";"RIO DE JANEIRO";"4";"VICE-GOVERNADOR";"PARTIDO ISOLADO";"28";"PRTB";"PARTIDO RENOVADOR TRABALHISTA BRASILEIRO";"190000050716";"#NULO#";"PRTB";"D";"DEFERIDO"
